Player,Nation,Pos,Age,MP,Starts,Min,90s,Gls,Ast,G+A,G-PK,PK,PKatt,CrdY,CrdR,xG,npxG,xAG,npxG+xAG,PrgC,PrgP,PrgR,Gls_90,Ast_90,G+A_90,G-PK_90,G+A-PK_90,xG_90,xAG_90,xG+xAG_90,npxG_90,npxG+xAG_90,Team
Rodri,es ESP,MF,27,34,34,2931,32.6,8,9,17,8,0,0,8,1,4.1,4.1,3.9,8,76,376,55,0.25,0.28,0.52,0.25,0.52,0.12,0.12,0.24,0.12,0.24,Manchester City
Phil Foden,eng ENG,"FW,MF",23,35,33,2857,31.7,19,8,27,19,0,0,2,0,10.3,10.3,8.4,18.7,93,168,269,0.6,0.25,0.85,0.6,0.85,0.33,0.26,0.59,0.33,0.59,Manchester City
Ederson,br BRA,GK,29,33,33,2785,30.9,0,0,0,0,0,0,5,0,0,0,0.1,0.1,0,4,0,0,0,0,0,0,0,0,0,0,0,Manchester City
Julián Álvarez,ar ARG,"MF,FW",23,36,31,2647,29.4,11,8,19,9,2,2,2,0,13,11.5,6.4,17.9,64,103,180,0.37,0.27,0.65,0.31,0.58,0.44,0.22,0.66,0.39,0.61,Manchester City
Kyle Walker,eng ENG,DF,33,32,30,2767,30.7,0,4,4,0,0,0,2,0,0.4,0.4,2.6,3,74,157,172,0,0.13,0.13,0,0.13,0.01,0.09,0.1,0.01,0.1,Manchester City
Bernardo Silva,pt POR,"MF,FW",28,33,29,2578,28.6,6,9,15,6,0,0,8,0,3.7,3.7,7.6,11.3,140,177,260,0.21,0.31,0.52,0.21,0.52,0.13,0.27,0.4,0.13,0.4,Manchester City
Erling Haaland,no NOR,FW,23,31,29,2552,28.4,27,5,32,20,7,8,1,0,29.2,22.9,4.3,27.2,35,26,126,0.95,0.18,1.13,0.71,0.88,1.03,0.15,1.18,0.81,0.96,Manchester City
Rúben Dias,pt POR,DF,26,30,28,2559,28.4,0,0,0,0,0,0,0,0,1.4,1.4,0.3,1.7,34,173,16,0,0,0,0,0,0.05,0.01,0.06,0.05,0.06,Manchester City
Manuel Akanji,ch SUI,"DF,MF",28,30,28,2511,27.9,2,0,2,2,0,0,4,1,1.9,1.9,0.5,2.4,46,148,36,0.07,0,0.07,0.07,0.07,0.07,0.02,0.09,0.07,0.09,Manchester City
Joško Gvardiol,hr CRO,DF,21,28,26,2328,25.9,4,1,5,4,0,0,3,0,3.1,3.1,1.4,4.5,63,136,115,0.15,0.04,0.19,0.15,0.19,0.12,0.06,0.18,0.12,0.18,Manchester City
Nathan Aké,nl NED,DF,28,29,24,2042,22.7,2,2,4,2,0,0,0,0,2.5,2.5,1.2,3.7,24,116,18,0.09,0.09,0.18,0.09,0.18,0.11,0.05,0.16,0.11,0.16,Manchester City
Jeremy Doku,be BEL,"FW,MF",21,29,18,1595,17.7,3,8,11,3,0,0,3,0,2.5,2.5,4.6,7.1,218,57,295,0.17,0.45,0.62,0.17,0.62,0.14,0.26,0.4,0.14,0.4,Manchester City
Mateo Kovačić,hr CRO,MF,29,30,16,1551,17.2,1,0,1,1,0,0,4,0,1.3,1.3,1.6,2.9,37,100,38,0.06,0,0.06,0.06,0.06,0.07,0.09,0.17,0.07,0.17,Manchester City
Kevin De Bruyne,be BEL,MF,32,18,15,1221,13.6,4,10,14,4,0,0,2,0,2.4,2.4,11.5,14,47,111,133,0.29,0.74,1.03,0.29,1.03,0.18,0.85,1.03,0.18,1.03,Manchester City
John Stones,eng ENG,"DF,MF",29,16,12,1064,11.8,1,0,1,1,0,0,2,0,1,1,0.2,1.3,16,57,24,0.08,0,0.08,0.08,0.08,0.09,0.02,0.11,0.09,0.11,Manchester City
Jack Grealish,eng ENG,"FW,MF",27,20,10,1009,11.2,3,1,4,3,0,0,6,0,2.1,2.1,2.5,4.6,87,50,146,0.27,0.09,0.36,0.27,0.36,0.19,0.22,0.41,0.19,0.41,Manchester City
Rico Lewis,eng ENG,"DF,MF",18,16,8,809,9,2,0,2,2,0,0,1,0,0.6,0.6,1.1,1.8,21,33,46,0.22,0,0.22,0.22,0.22,0.07,0.12,0.19,0.07,0.19,Manchester City
Matheus Nunes,pt POR,MF,24,17,7,661,7.3,0,2,2,0,0,0,0,0,0.8,0.8,1.1,2,28,34,58,0,0.27,0.27,0,0.27,0.11,0.15,0.27,0.11,0.27,Manchester City
Stefan Ortega,de GER,GK,30,9,5,635,7.1,0,0,0,0,0,0,0,0,0,0,0,0,0,0,0,0,0,0,0,0,0,0,0,0,0,Manchester City
Oscar Bobb,no NOR,"FW,MF",20,14,2,302,3.4,1,1,2,1,0,0,0,0,1.4,1.4,1.2,2.6,13,25,38,0.3,0.3,0.6,0.3,0.6,0.41,0.37,0.78,0.41,0.78,Manchester City
Kalvin Phillips,eng ENG,MF,27,4,0,93,1,0,0,0,0,0,0,0,0,0.1,0.1,0,0.1,7,7,3,0,0,0,0,0,0.07,0,0.07,0.07,0.07,Manchester City
Sergio Gómez,es ESP,"FW,MF",22,6,0,53,0.6,0,1,1,0,0,0,0,0,0.2,0.2,0.2,0.4,4,2,4,0,1.7,1.7,0,1.7,0.41,0.31,0.73,0.41,0.73,Manchester City
Aymeric Laporte,es ESP,DF,29,1,0,12,0.1,0,0,0,0,0,0,0,0,0,0,0,0,0,0,0,0,0,0,0,0,0.27,0,0.27,0.27,0.27,Manchester City
Cole Palmer,eng ENG,MF,21,1,0,11,0.1,0,0,0,0,0,0,0,0,0,0,0,0,0,0,0,0,0,0,0,0,0,0,0,0,0,Manchester City
James Mcatee,eng ENG,MF,20,1,0,1,0,0,0,0,0,0,0,0,0,0,0,0,0,0,0,0,0,0,0,0,0,0,0,0,0,0,Manchester City
Virgil van Dijk,nl NED,DF,32,36,36,3177,35.3,2,2,4,2,0,0,3,1,2.8,2.8,1.6,4.4,32,200,7,0.06,0.06,0.11,0.06,0.11,0.08,0.04,0.12,0.08,0.12,Liverpool
Luis Díaz,co COL,FW,26,37,32,2629,29.2,8,5,13,8,0,0,3,0,11.9,11.9,5.7,17.5,137,113,302,0.27,0.17,0.45,0.27,0.45,0.41,0.19,0.6,0.41,0.6,Liverpool
Alexis Mac Allister,ar ARG,MF,24,33,31,2599,28.9,5,5,10,4,1,1,7,1,3.7,2.9,3.6,6.4,44,209,48,0.17,0.17,0.35,0.14,0.31,0.13,0.12,0.25,0.1,0.22,Liverpool
Mohamed Salah,eg EGY,FW,31,32,28,2534,28.2,18,10,28,13,5,7,2,0,21.2,15.5,11.8,27.3,98,147,341,0.64,0.36,0.99,0.46,0.82,0.75,0.42,1.17,0.55,0.97,Liverpool
Alisson,br BRA,GK,30,28,28,2520,28,0,0,0,0,0,0,1,0,0,0,0,0,0,5,0,0,0,0,0,0,0,0,0,0,0,Liverpool
Trent Alexander-Arnold,eng ENG,DF,24,28,25,2155,23.9,3,4,7,3,0,0,6,0,2.6,2.3,7.2,9.5,45,205,97,0.13,0.17,0.29,0.13,0.29,0.11,0.3,0.41,0.1,0.4,Liverpool
Dominik Szoboszlai,hu HUN,MF,22,33,25,2104,23.4,3,2,5,3,0,0,1,0,3.7,3.7,5.8,9.5,75,152,160,0.13,0.09,0.21,0.13,0.21,0.16,0.25,0.4,0.16,0.4,Liverpool
Darwin Núñez,uy URU,FW,24,36,22,2047,22.7,11,8,19,11,0,1,9,0,16.3,15.5,6,21.5,58,54,206,0.48,0.35,0.84,0.48,0.84,0.72,0.27,0.98,0.68,0.95,Liverpool
Wataru Endo,jp JPN,MF,30,29,20,1722,19.1,1,0,1,1,0,0,10,0,0.5,0.5,1.7,2.3,10,101,21,0.05,0,0.05,0.05,0.05,0.03,0.09,0.12,0.03,0.12,Liverpool
Andrew Robertson,sct SCO,DF,29,23,18,1693,18.8,3,2,5,3,0,0,2,0,1.9,1.9,5.4,7.3,63,140,130,0.16,0.11,0.27,0.16,0.27,0.1,0.29,0.39,0.1,0.39,Liverpool
Joe Gomez,eng ENG,DF,26,32,17,1786,19.8,0,1,1,0,0,0,5,0,0.8,0.8,1.3,2.1,44,100,105,0,0.05,0.05,0,0.05,0.04,0.07,0.1,0.04,0.1,Liverpool
Cody Gakpo,nl NED,"FW,MF",24,35,17,1649,18.3,8,5,13,8,0,0,1,0,9,9,2.9,11.8,43,83,130,0.44,0.27,0.71,0.44,0.71,0.49,0.16,0.64,0.49,0.64,Liverpool
Ibrahima Konaté,fr FRA,DF,24,22,17,1574,17.5,0,0,0,0,0,0,5,1,0.7,0.7,0.4,1.1,24,118,3,0,0,0,0,0,0.04,0.02,0.06,0.04,0.06,Liverpool
Curtis Jones,eng ENG,MF,22,23,14,1167,13,1,1,2,1,0,0,3,1,2.6,2.6,0.7,3.3,31,74,88,0.08,0.08,0.15,0.08,0.15,0.2,0.05,0.25,0.2,0.25,Liverpool
Diogo Jota,pt POR,FW,26,21,14,1145,12.7,10,3,13,10,0,0,3,1,5.3,5.3,3.3,8.6,54,34,111,0.79,0.24,1.02,0.79,1.02,0.42,0.26,0.68,0.42,0.68,Liverpool
Jarell Quansah,eng ENG,DF,20,17,13,1190,13.2,2,0,2,2,0,0,1,0,1,1,0.1,1.1,13,67,1,0.15,0,0.15,0.15,0.15,0.08,0.01,0.08,0.08,0.08,Liverpool
Ryan Gravenberch,nl NED,MF,21,26,12,1121,12.5,1,0,1,1,0,0,0,0,2,2,0.9,2.9,39,78,71,0.08,0,0.08,0.08,0.08,0.16,0.07,0.23,0.16,0.23,Liverpool
Harvey Elliott,eng ENG,"MF,FW",20,34,11,1352,15,3,6,9,3,0,0,2,0,2.7,2.7,3.5,6.2,44,128,122,0.2,0.4,0.6,0.2,0.6,0.18,0.23,0.42,0.18,0.42,Liverpool
Caoimhín Kelleher,ie IRL,GK,24,10,10,900,10,0,0,0,0,0,0,0,0,0,0,0,0,0,1,0,0,0,0,0,0,0,0,0,0,0,Liverpool
Conor Bradley,nir NIR,DF,20,11,10,753,8.4,1,3,4,1,0,0,2,0,0.9,0.9,1.5,2.3,35,29,64,0.12,0.36,0.48,0.12,0.48,0.1,0.17,0.28,0.1,0.28,Liverpool
Joël Matip,cm CMR,DF,31,10,9,781,8.7,0,0,0,0,0,0,2,0,0.5,0.5,0.1,0.6,8,34,1,0,0,0,0,0,0.06,0.01,0.06,0.06,0.06,Liverpool
Kostas Tsimikas,gr GRE,DF,27,13,8,679,7.5,0,3,3,0,0,0,0,0,0.1,0.1,1,1.1,24,31,73,0,0.4,0.4,0,0.4,0.01,0.14,0.15,0.01,0.15,Liverpool
Bobby Clark,eng ENG,MF,18,5,1,89,1,0,0,0,0,0,0,0,0,0.1,0.1,0,0.1,3,3,7,0,0,0,0,0,0.14,0,0.14,0.14,0.14,Liverpool
Stefan Bajcetic,es ESP,MF,18,1,0,26,0.3,0,0,0,0,0,0,0,0,0,0,0,0,0,1,0,0,0,0,0,0,0,0,0,0,0,Liverpool
Ben Doak,sct SCO,FW,17,1,0,14,0.2,0,0,0,0,0,0,0,0,0,0,0,0,0,0,0,0,0,0,0,0,0,0,0,0,0,Liverpool
Jayden Danns,eng ENG,FW,17,2,0,9,0.1,0,0,0,0,0,0,1,0,0,0,0,0,0,1,2,0,0,0,0,0,0,0,0,0,0,Liverpool
Owen Beck,wls WAL,DF,20,1,0,8,0.1,0,0,0,0,0,0,0,0,0,0,0,0,0,0,1,0,0,0,0,0,0,0,0,0,0,Liverpool
Thiago Alcántara,es ESP,MF,32,1,0,6,0.1,0,0,0,0,0,0,0,0,0,0,0,0,0,0,0,0,0,0,0,0,0,0,0,0,0,Liverpool
James McConnell,eng ENG,MF,18,3,0,4,0,0,0,0,0,0,0,0,0,0,0,0,0,0,1,0,0,0,0,0,0,0,0,0,0,0,Liverpool
Kaide Gordon,eng ENG,FW,18,1,0,1,0,0,0,0,0,0,0,0,0,0,0,0,0,0,1,0,0,0,0,0,0,0,0,0,0,0,Liverpool
William Saliba,fr FRA,DF,22,38,38,3420,38,2,1,3,2,0,0,4,0,1.6,1.6,0.2,1.8,16,157,6,0.05,0.03,0.08,0.05,0.08,0.04,0.01,0.05,0.04,0.05,Arsenal
Declan Rice,eng ENG,MF,24,38,37,3225,35.8,7,8,15,7,0,0,5,0,3.3,3.3,5.3,8.6,75,278,64,0.2,0.22,0.42,0.2,0.42,0.09,0.15,0.24,0.09,0.24,Arsenal
Martin Ødegaard,no NOR,MF,24,35,35,3091,34.3,8,10,18,6,2,2,2,0,7.4,5.8,9.6,15.5,91,344,202,0.23,0.29,0.52,0.17,0.47,0.22,0.28,0.5,0.17,0.45,Arsenal
Ben White,eng ENG,DF,25,37,35,2988,33.2,4,4,8,4,0,0,8,0,1.2,1.2,3.8,5,44,192,162,0.12,0.12,0.24,0.12,0.24,0.03,0.11,0.15,0.03,0.15,Arsenal
Bukayo Saka,eng ENG,FW,21,35,35,2919,32.4,16,9,25,10,6,6,4,0,15.5,10.8,10.5,21.2,155,126,508,0.49,0.28,0.77,0.31,0.59,0.48,0.32,0.8,0.33,0.65,Arsenal
Gabriel Magalhães,br BRA,DF,25,36,34,3044,33.8,4,0,4,4,0,0,4,0,4.3,4.3,0.7,5,13,117,8,0.12,0,0.12,0.12,0.12,0.13,0.02,0.15,0.13,0.15,Arsenal
David Raya,es ESP,GK,27,32,32,2880,32,0,0,0,0,0,0,2,0,0,0,0,0,0,2,0,0,0,0,0,0,0,0,0,0,0,Arsenal
Kai Havertz,de GER,"MF,FW",24,37,30,2634,29.3,13,7,20,12,1,1,11,0,12.3,11.6,4.4,15.9,55,99,191,0.44,0.24,0.68,0.41,0.65,0.42,0.15,0.57,0.39,0.54,Arsenal
Gabriel Martinelli,br BRA,FW,22,35,24,2019,22.4,6,4,10,6,0,0,1,0,6.8,6.8,6.1,12.9,127,65,345,0.27,0.18,0.45,0.27,0.45,0.31,0.27,0.58,0.31,0.58,Arsenal
Oleksandr Zinchenko,ua UKR,DF,26,27,20,1722,19.1,1,2,3,1,0,0,2,0,0.6,0.6,2.5,3.1,40,229,58,0.05,0.1,0.16,0.05,0.16,0.03,0.13,0.16,0.03,0.16,Arsenal
Leandro Trossard,be BEL,"FW,MF",28,34,18,1649,18.3,12,1,13,12,0,0,2,0,7.9,7.9,2.8,10.7,66,76,155,0.65,0.05,0.71,0.65,0.71,0.43,0.15,0.58,0.43,0.58,Arsenal
Gabriel Jesus,br BRA,FW,26,27,17,1478,16.4,4,5,9,4,0,0,6,0,6.3,6.3,3.8,10.1,38,42,155,0.24,0.3,0.55,0.24,0.55,0.39,0.23,0.62,0.39,0.62,Arsenal
Jakub Kiwior,pl POL,DF,23,20,11,946,10.5,1,3,4,1,0,0,1,0,0.8,0.8,0.9,1.7,4,55,16,0.1,0.29,0.38,0.1,0.38,0.08,0.09,0.16,0.08,0.16,Arsenal
Takehiro Tomiyasu,jp JPN,DF,24,22,10,1149,12.8,2,1,3,2,0,0,2,1,1.5,1.5,0.4,1.9,17,72,37,0.16,0.08,0.23,0.16,0.23,0.12,0.03,0.15,0.12,0.15,Arsenal
Eddie Nketiah,eng ENG,FW,24,27,10,1082,12,5,2,7,5,0,0,3,0,4.5,4.5,0.8,5.4,22,20,77,0.42,0.17,0.58,0.42,0.58,0.38,0.07,0.45,0.38,0.45,Arsenal
Jorginho,it ITA,MF,31,24,10,921,10.2,0,2,2,0,0,0,1,0,0.1,0.1,1.4,1.5,8,101,8,0,0.2,0.2,0,0.2,0.01,0.13,0.14,0.01,0.14,Arsenal
Thomas Partey,gh GHA,"MF,DF",30,14,9,788,8.8,0,0,0,0,0,0,3,0,0.4,0.4,0.3,0.7,15,72,10,0,0,0,0,0,0.05,0.03,0.08,0.05,0.08,Arsenal
Aaron Ramsdale,eng ENG,GK,25,6,6,540,6,0,0,0,0,0,0,0,0,0,0,0,0,0,2,0,0,0,0,0,0,0,0,0,0,0,Arsenal
Emile Smith Rowe,eng ENG,MF,23,13,3,353,3.9,0,1,1,0,0,0,0,0,2,2,0.2,2.2,11,23,18,0,0.25,0.25,0,0.25,0.5,0.06,0.56,0.5,0.56,Arsenal
Fabio Vieira,pt POR,"MF,FW",23,11,2,297,3.3,1,2,3,0,1,1,0,1,1.3,0.5,1.6,2.1,12,15,30,0.3,0.61,0.91,0,0.61,0.38,0.49,0.87,0.14,0.64,Arsenal
Reiss Nelson,eng ENG,FW,23,15,1,268,3,0,0,0,0,0,0,1,0,0.2,0.2,0.6,0.8,9,5,26,0,0,0,0,0,0.07,0.2,0.27,0.07,0.27,Arsenal
Jurriën Timber,nl NED,DF,22,2,1,71,0.8,0,0,0,0,0,0,2,0,0,0,0,0,0,8,5,0,0,0,0,0,0,0,0,0,0,Arsenal
Cédric Soares,pt POR,DF,31,3,0,62,0.7,0,0,0,0,0,0,0,0,0,0,0,0,0,3,6,0,0,0,0,0,0,0,0,0,0,Arsenal
Mohamed Elneny,eg EGY,MF,31,3,0,28,0.3,0,0,0,0,0,0,0,0,0.1,0.1,0,0.1,1,1,0,0,0,0,0,0,0.26,0,0.26,0.26,0.26,Arsenal
Ethan Nwaneri,eng ENG,FW,16,1,0,14,0.2,0,0,0,0,0,0,0,0,0,0,0,0,2,2,1,0,0,0,0,0,0,0.15,0.15,0,0.15,Arsenal
Conor Gallagher,eng ENG,MF,23,37,37,3128,34.8,5,7,12,5,0,0,9,1,4.2,4.2,5,9.2,62,172,122,0.14,0.2,0.35,0.14,0.35,0.12,0.15,0.27,0.12,0.27,Chelsea
Moisés Caicedo,ec ECU,MF,21,35,33,2866,31.8,1,3,4,1,0,0,11,0,0.4,0.4,2.6,3,27,173,27,0.03,0.09,0.13,0.03,0.13,0.01,0.08,0.09,0.01,0.09,Chelsea
Nicolas Jackson,sn SEN,FW,22,35,31,2799,31.1,14,5,19,14,0,0,10,0,18.6,18.6,4.3,22.9,70,67,200,0.45,0.16,0.61,0.45,0.61,0.6,0.14,0.74,0.6,0.74,Chelsea
Cole Palmer,eng ENG,"FW,MF",21,33,29,2607,29,22,11,33,13,9,9,7,0,18.2,11.1,11.1,22.2,117,197,195,0.76,0.38,1.14,0.45,0.83,0.63,0.38,1.01,0.38,0.77,Chelsea
Axel Disasi,fr FRA,DF,25,31,29,2579,28.7,2,0,2,2,0,0,6,0,2.4,2.4,0.3,2.7,30,112,21,0.07,0,0.07,0.07,0.07,0.08,0.01,0.09,0.08,0.09,Chelsea
Thiago Silva,br BRA,DF,38,31,28,2527,28.1,3,1,4,3,0,0,4,0,0.8,0.8,1,1.8,2,102,5,0.11,0.04,0.14,0.11,0.14,0.03,0.04,0.06,0.03,0.06,Chelsea
Enzo Fernández,ar ARG,MF,22,28,26,2209,24.5,3,2,5,2,1,2,7,0,6.2,4.6,3.4,8,52,210,54,0.12,0.08,0.2,0.08,0.16,0.25,0.14,0.39,0.19,0.33,Chelsea
Đorđe Petrović,rs SRB,GK,23,23,22,1987,22.1,0,0,0,0,0,0,2,0,0,0,0,0,0,1,0,0,0,0,0,0,0,0,0,0,0,Chelsea
Raheem Sterling,eng ENG,"FW,MF",28,31,22,1978,22,8,4,12,8,0,0,7,0,6.5,6.5,4.5,11,120,78,242,0.36,0.18,0.55,0.36,0.55,0.29,0.2,0.5,0.29,0.5,Chelsea
Levi Colwill,eng ENG,DF,20,23,20,1797,20,1,1,2,1,0,0,2,0,1.3,1.3,1.2,2.5,23,73,27,0.05,0.05,0.1,0.05,0.1,0.06,0.06,0.12,0.06,0.12,Chelsea
Marc Cucurella,es ESP,DF,25,21,20,1782,19.8,0,2,2,0,0,0,10,0,1.1,1.1,1.1,2.2,31,50,73,0,0.1,0.1,0,0.1,0.06,0.05,0.11,0.06,0.11,Chelsea
Malo Gusto,fr FRA,DF,20,27,19,1751,19.5,0,6,6,0,0,0,7,1,0.9,0.9,4.3,5.2,78,86,135,0,0.31,0.31,0,0.31,0.05,0.22,0.27,0.05,0.27,Chelsea
Mykhailo Mudryk,ua UKR,FW,22,31,18,1576,17.5,5,2,7,5,0,0,5,0,4.4,4.4,4.1,8.5,92,45,139,0.29,0.11,0.4,0.29,0.4,0.25,0.23,0.48,0.25,0.48,Chelsea
Robert Sánchez,es ESP,GK,25,16,16,1433,15.9,0,0,0,0,0,0,2,0,0,0,0,0,0,1,0,0,0,0,0,0,0,0,0,0,0,Chelsea
Benoît Badiashile,fr FRA,DF,22,18,15,1338,14.9,0,1,1,0,0,0,3,0,0.3,0.3,1.5,1.8,3,46,3,0,0.07,0.07,0,0.07,0.02,0.1,0.12,0.02,0.12,Chelsea
Noni Madueke,eng ENG,FW,21,23,13,1053,11.7,5,2,7,4,1,1,2,0,2.5,1.7,2.6,4.3,76,52,136,0.43,0.17,0.6,0.34,0.51,0.21,0.23,0.44,0.14,0.37,Chelsea
Trevoh Chalobah,eng ENG,DF,24,13,10,952,10.6,1,0,1,1,0,0,1,0,0.2,0.2,0.1,0.3,5,31,9,0.09,0,0.09,0.09,0.09,0.02,0.01,0.02,0.02,0.02,Chelsea
Ben Chilwell,eng ENG,DF,26,13,9,756,8.4,0,1,1,0,0,0,5,0,1.2,1.2,2.2,3.4,22,25,59,0,0.12,0.12,0,0.12,0.14,0.26,0.41,0.14,0.41,Chelsea
Armando Broja,al ALB,FW,21,13,6,454,5,1,0,1,1,0,0,0,0,2.4,2.4,0.2,2.5,11,6,37,0.2,0,0.2,0.2,0.2,0.47,0.03,0.5,0.47,0.5,Chelsea
Reece James,eng ENG,DF,23,10,5,419,4.7,0,2,2,0,0,0,2,2,0.3,0.3,1.7,2.1,19,21,35,0,0.43,0.43,0,0.43,0.07,0.37,0.44,0.07,0.44,Chelsea
Lesley Ugochukwu,fr FRA,MF,19,12,3,301,3.3,0,0,0,0,0,0,2,0,0,0,0.1,0.1,8,17,3,0,0,0,0,0,0,0.03,0.03,0,0.03,Chelsea
Christopher Nkunku,fr FRA,"FW,MF",25,11,2,443,4.9,3,0,3,3,0,0,0,0,2.3,2.3,0.2,2.5,10,19,35,0.61,0,0.61,0.61,0.61,0.47,0.05,0.52,0.47,0.52,Chelsea
Carney Chukwuemeka,eng ENG,"MF,FW",19,9,2,227,2.5,1,1,2,1,0,0,2,0,0.2,0.2,0.3,0.5,4,12,19,0.4,0.4,0.79,0.4,0.79,0.06,0.13,0.19,0.06,0.19,Chelsea
Alfie Gilchrist,eng ENG,DF,19,11,2,207,2.3,1,0,1,1,0,0,1,0,0.3,0.3,0,0.3,1,7,4,0.43,0,0.43,0.43,0.43,0.14,0,0.14,0.14,0.14,Chelsea
Ian Maatsen,nl NED,"FW,MF",21,12,1,209,2.3,0,0,0,0,0,0,1,0,0.8,0.8,0.1,0.9,9,8,15,0,0,0,0,0,0.35,0.04,0.39,0.35,0.39,Chelsea
Cesare Casadei,it ITA,"FW,MF",20,11,0,79,0.9,0,0,0,0,0,0,0,0,0,0,0.1,0.1,1,3,3,0,0,0,0,0,0,0.12,0.12,0,0.12,Chelsea
Roméo Lavia,be BEL,MF,19,1,0,33,0.4,0,0,0,0,0,0,0,0,0,0,0,0,0,1,0,0,0,0,0,0,0,0,0,0,0,Chelsea
Deivid Washington,br BRA,"DF,FW",18,2,0,13,0.1,0,0,0,0,0,0,0,0,0.5,0.5,0,0.5,0,0,1,0,0,0,0,0,3.23,0,3.23,3.23,3.23,Chelsea
Mason Burstow,eng ENG,FW,19,2,0,9,0.1,0,0,0,0,0,0,0,0,0,0,0,0,0,0,1,0,0,0,0,0,0,0,0,0,0,Chelsea
Joshua Acheampong,eng ENG,DF,17,1,0,6,0.1,0,0,0,0,0,0,0,0,0,0,0,0,0,0,0,0,0,0,0,0,0,0,0,0,0,Chelsea
Alex Matos,eng ENG,MF,18,1,0,1,0,0,0,0,0,0,0,0,0,0,0,0,0,0,0,0,0,0,0,0,0,0,0,0,0,0,Chelsea
Jimi Tauriainen,eng ENG,FW,19,1,0,1,0,0,0,0,0,0,0,0,0,0,0,0,0,0,0,0,0,0,0,0,0,0,0,0,0,0,Chelsea
Bruno Guimarães,br BRA,MF,25,37,37,3263,36.3,7,8,15,7,0,0,9,0,4.8,4.8,6.4,11.2,65,283,73,0.19,0.22,0.41,0.19,0.41,0.13,0.18,0.31,0.13,0.31,Newcastle United
Fabian Schär,ch SUI,DF,31,36,35,3054,33.9,4,1,5,4,0,0,5,0,2.5,2.5,0.7,3.3,28,133,20,0.12,0.03,0.15,0.12,0.15,0.07,0.02,0.1,0.07,0.1,Newcastle United
Anthony Gordon,eng ENG,FW,22,35,34,2890,32.1,11,10,21,10,1,1,12,1,10.2,9.4,8,17.4,138,101,232,0.34,0.31,0.65,0.31,0.62,0.32,0.25,0.57,0.29,0.54,Newcastle United
Dan Burn,eng ENG,DF,31,33,32,2726,30.3,2,2,4,2,0,0,4,0,3.1,3.1,1.1,4.2,14,75,25,0.07,0.07,0.13,0.07,0.13,0.1,0.04,0.14,0.1,0.14,Newcastle United
Sean Longstaff,eng ENG,MF,25,35,30,2747,30.5,6,2,8,6,0,0,7,0,6.6,6.6,2.3,8.8,24,145,116,0.2,0.07,0.26,0.2,0.26,0.22,0.07,0.29,0.22,0.29,Newcastle United
Alexander Isak,se SWE,FW,23,30,27,2255,25.1,21,2,23,16,5,6,1,0,20.3,15.6,3.7,19.3,68,71,129,0.84,0.08,0.92,0.64,0.72,0.81,0.15,0.96,0.62,0.77,Newcastle United
Kieran Trippier,eng ENG,DF,32,28,26,2236,24.8,1,10,11,1,0,0,5,0,0.7,0.7,7.5,8.2,34,157,128,0.04,0.4,0.44,0.04,0.44,0.03,0.3,0.33,0.03,0.33,Newcastle United
Miguel Almirón,py PAR,FW,29,33,23,1937,21.5,3,1,4,3,0,0,2,0,4.5,4.5,2.6,7.2,78,78,162,0.14,0.05,0.19,0.14,0.19,0.21,0.12,0.33,0.21,0.33,Newcastle United
Martin Dúbravka,sk SVK,GK,34,23,22,1985,22.1,0,0,0,0,0,0,1,0,0,0,0.1,0.1,0,0,0,0,0,0,0,0,0,0,0,0,0,Newcastle United
Sven Botman,nl NED,DF,23,17,15,1377,15.3,2,2,4,2,0,0,2,0,0.6,0.6,1,1.6,0,35,5,0.13,0.13,0.26,0.13,0.26,0.04,0.07,0.11,0.04,0.11,Newcastle United
Nick Pope,eng ENG,GK,31,15,15,1345,14.9,0,0,0,0,0,0,1,0,0,0,0,0,0,0,0,0,0,0,0,0,0,0,0,0,0,Newcastle United
Joelinton,br BRA,"MF,FW",26,20,15,1279,14.2,2,1,3,2,0,0,6,0,3.1,3.1,2.8,5.9,29,56,60,0.14,0.07,0.21,0.14,0.21,0.22,0.2,0.41,0.22,0.41,Newcastle United
Lewis Miley,eng ENG,MF,17,17,14,1202,13.4,1,3,4,1,0,0,1,0,1.2,1.2,1.7,2.9,14,53,54,0.07,0.22,0.3,0.07,0.3,0.09,0.13,0.22,0.09,0.22,Newcastle United
Jacob Murphy,eng ENG,"FW,DF",28,21,14,1189,13.2,3,7,10,3,0,0,1,0,2.1,2.1,5,7.1,33,52,113,0.23,0.53,0.76,0.23,0.76,0.16,0.37,0.54,0.16,0.54,Newcastle United
Jamaal Lascelles,eng ENG,DF,29,16,13,1080,12,1,0,1,1,0,0,4,0,0.7,0.7,0.1,0.8,8,31,3,0.08,0,0.08,0.08,0.08,0.06,0.01,0.07,0.06,0.07,Newcastle United
Valentino Livramento,eng ENG,DF,20,26,12,1314,14.6,1,0,1,1,0,0,1,0,0.4,0.4,0.8,1.2,44,61,76,0.07,0,0.07,0.07,0.07,0.03,0.05,0.08,0.03,0.08,Newcastle United
Elliot Anderson,sct SCO,"MF,FW",20,21,10,1027,11.4,0,2,2,0,0,0,3,0,1.5,1.5,1.9,3.5,37,57,70,0,0.18,0.18,0,0.18,0.13,0.17,0.3,0.13,0.3,Newcastle United
Callum Wilson,eng ENG,FW,31,20,9,991,11,9,1,10,7,2,2,3,0,8.8,7.2,0.6,7.8,11,9,77,0.82,0.09,0.91,0.64,0.73,0.8,0.05,0.85,0.65,0.71,Newcastle United
Emil Krafth,se SWE,DF,28,17,8,913,10.1,0,0,0,0,0,0,2,0,0.2,0.2,1,1.2,12,29,33,0,0,0,0,0,0.02,0.1,0.12,0.02,0.12,Newcastle United
Lewis Hall,eng ENG,DF,18,18,8,781,8.7,1,0,1,1,0,0,2,0,0.3,0.3,0.3,0.6,19,46,27,0.12,0,0.12,0.12,0.12,0.04,0.03,0.07,0.04,0.07,Newcastle United
Harvey Barnes,eng ENG,"FW,MF",25,21,7,802,8.9,5,3,8,5,0,0,2,0,3.6,3.6,3.2,6.8,45,34,79,0.56,0.34,0.9,0.56,0.9,0.4,0.36,0.76,0.4,0.76,Newcastle United
Sandro Tonali,it ITA,MF,23,8,5,438,4.9,1,0,1,1,0,0,2,0,0.7,0.7,0.6,1.3,11,19,21,0.21,0,0.21,0.21,0.21,0.13,0.13,0.26,0.13,0.26,Newcastle United
Joe Willock,eng ENG,MF,23,9,5,419,4.7,1,0,1,1,0,0,0,0,0.8,0.8,0.6,1.4,16,17,26,0.21,0,0.21,0.21,0.21,0.17,0.12,0.3,0.17,0.3,Newcastle United
Loris Karius,de GER,GK,30,1,1,90,1,0,0,0,0,0,0,0,0,0,0,0,0,0,0,0,0,0,0,0,0,0,0,0,0,0,Newcastle United
Matt Targett,eng ENG,DF,27,3,1,78,0.9,0,0,0,0,0,0,1,0,0,0,0,0,1,2,0,0,0,0,0,0,0,0.03,0.03,0,0.03,Newcastle United
Matt Ritchie,sct SCO,"FW,MF",33,13,0,128,1.4,1,0,1,1,0,0,1,0,1,1,0,1,5,8,13,0.7,0,0.7,0.7,0.7,0.68,0,0.68,0.68,0.68,Newcastle United
Ben Parkinson,eng ENG,FW,18,1,0,25,0.3,0,0,0,0,0,0,0,0,0,0,0,0,0,0,0,0,0,0,0,0,0,0,0,0,0,Newcastle United
Paul Dummett,wls WAL,DF,31,5,0,20,0.2,0,0,0,0,0,0,0,0,0,0,0,0,1,1,0,0,0,0,0,0,0.11,0,0.11,0.11,0.11,Newcastle United
Alex Murphy,ie IRL,"DF,FW",19,2,0,13,0.1,0,0,0,0,0,0,0,0,0,0,0,0,0,1,0,0,0,0,0,0,0,0,0,0,0,Newcastle United
Joe White,eng ENG,MF,20,4,0,13,0.1,0,0,0,0,0,0,1,0,0,0,0,0,2,3,3,0,0,0,0,0,0,0,0,0,0,Newcastle United
Amadou Diallo,eng ENG,MF,20,1,0,1,0,0,0,0,0,0,0,0,0,0,0,0,0,0,0,0,0,0,0,0,0,0,0,0,0,0,Newcastle United
Michael Ndiweni,eng ENG,FW,19,1,0,1,0,0,0,0,0,0,0,0,0,0,0,0,0,0,0,0,0,0,0,0,0,0,0,0,0,0,Newcastle United
Guglielmo Vicario,it ITA,GK,26,38,38,3420,38,0,0,0,0,0,0,2,0,0,0,0,0,0,3,0,0,0,0,0,0,0,0,0,0,0,Tottenham Hotspur
Pedro Porro,es ESP,DF,23,35,35,3089,34.3,3,7,10,3,0,0,3,0,2.9,2.9,7.2,10.1,57,194,158,0.09,0.2,0.29,0.09,0.29,0.09,0.21,0.3,0.09,0.3,Tottenham Hotspur
Son Heung-min,kr KOR,FW,31,35,34,2934,32.6,17,10,27,15,2,2,1,0,12,10.4,11.8,22.2,119,139,325,0.52,0.31,0.83,0.46,0.77,0.37,0.36,0.73,0.32,0.68,Tottenham Hotspur
Cristian Romero,ar ARG,DF,25,33,33,2790,31,5,0,5,5,0,0,7,1,3.5,3.5,0.4,3.9,32,179,8,0.16,0,0.16,0.16,0.16,0.11,0.01,0.13,0.11,0.13,Tottenham Hotspur
Dejan Kulusevski,se SWE,"FW,MF",23,36,31,2762,30.7,8,3,11,8,0,0,7,0,4.7,4.7,7.7,12.4,151,144,388,0.26,0.1,0.36,0.26,0.36,0.15,0.25,0.4,0.15,0.4,Tottenham Hotspur
Destiny Udogie,it ITA,DF,20,28,28,2391,26.6,2,3,5,2,0,0,7,1,2.4,2.4,2.2,4.6,83,155,138,0.08,0.11,0.19,0.08,0.19,0.09,0.08,0.17,0.09,0.17,Tottenham Hotspur
Micky van de Ven,nl NED,DF,22,27,27,2339,26,3,0,3,3,0,0,5,0,0.6,0.6,0,0.6,19,108,9,0.12,0,0.12,0.12,0.12,0.02,0,0.02,0.02,0.02,Tottenham Hotspur
Pape Matar Sarr,sn SEN,MF,20,34,27,2069,23,3,3,6,3,0,0,9,0,3.4,3.4,2.2,5.7,43,150,90,0.13,0.13,0.26,0.13,0.26,0.15,0.1,0.25,0.15,0.25,Tottenham Hotspur
James Maddison,eng ENG,MF,26,28,26,2135,23.7,4,9,13,4,0,0,5,0,6.4,6.4,5.9,12.4,58,224,156,0.17,0.38,0.55,0.17,0.55,0.27,0.25,0.52,0.27,0.52,Tottenham Hotspur
Yves Bissouma,ml MLI,MF,26,28,26,2068,23,0,0,0,0,0,0,10,2,1.4,1.4,0.4,1.8,43,169,13,0,0,0,0,0,0.06,0.02,0.08,0.06,0.08,Tottenham Hotspur
Brennan Johnson,wls WAL,FW,22,32,23,2085,23.2,5,10,15,5,0,0,3,0,10.3,10.3,8.1,18.3,97,72,293,0.22,0.43,0.65,0.22,0.65,0.44,0.35,0.79,0.44,0.79,Tottenham Hotspur
Richarlison,br BRA,FW,26,28,18,1491,16.6,11,4,15,11,0,0,3,0,9.6,9.6,2.1,11.7,26,38,106,0.66,0.24,0.91,0.66,0.91,0.58,0.13,0.7,0.58,0.7,Tottenham Hotspur
Rodrigo Bentancur,uy URU,MF,26,23,13,1005,11.2,1,1,2,1,0,0,7,0,1.9,1.9,0.5,2.4,16,72,31,0.09,0.09,0.18,0.09,0.18,0.17,0.04,0.22,0.17,0.22,Tottenham Hotspur
Ben Davies,wls WAL,DF,30,17,12,1090,12.1,1,0,1,1,0,0,2,0,2.3,2.3,0.4,2.7,13,71,20,0.08,0,0.08,0.08,0.08,0.19,0.03,0.23,0.19,0.23,Tottenham Hotspur
Emerson,br BRA,DF,24,22,11,1161,12.9,1,0,1,1,0,0,4,0,0.2,0.2,0.4,0.6,21,57,35,0.08,0,0.08,0.08,0.08,0.02,0.03,0.05,0.02,0.05,Tottenham Hotspur
Timo Werner,de GER,FW,27,13,10,809,9,2,3,5,2,0,0,1,0,3.7,3.7,2.7,6.4,79,41,124,0.22,0.33,0.56,0.22,0.56,0.41,0.3,0.72,0.41,0.72,Tottenham Hotspur
Pierre Højbjerg,dk DEN,MF,27,36,8,1311,14.6,0,0,0,0,0,0,4,0,0.7,0.7,1.2,1.9,17,134,29,0,0,0,0,0,0.05,0.08,0.13,0.05,0.13,Tottenham Hotspur
Oliver Skipp,eng ENG,"MF,DF",22,21,5,707,7.9,0,0,0,0,0,0,3,0,0.7,0.7,0.6,1.3,8,37,25,0,0,0,0,0,0.09,0.07,0.16,0.09,0.16,Tottenham Hotspur
Giovani Lo Celso,ar ARG,MF,27,22,4,506,5.6,2,2,4,2,0,0,2,0,0.6,0.6,1.9,2.5,25,68,29,0.36,0.36,0.71,0.36,0.71,0.1,0.34,0.45,0.1,0.45,Tottenham Hotspur
Radu Drăgușin,ro ROU,DF,21,9,4,429,4.8,0,0,0,0,0,0,1,0,0.1,0.1,0,0.1,5,8,1,0,0,0,0,0,0.03,0,0.03,0.03,0.03,Tottenham Hotspur
Bryan Gil,es ESP,"FW,MF",22,11,2,209,2.3,0,0,0,0,0,0,0,0,0.8,0.8,0.2,1,11,16,49,0,0,0,0,0,0.32,0.09,0.41,0.32,0.41,Tottenham Hotspur
Manor Solomon,il ISR,FW,24,5,2,199,2.2,0,2,2,0,0,0,1,0,0.4,0.4,0.8,1.2,17,11,44,0,0.9,0.9,0,0.9,0.19,0.38,0.56,0.19,0.56,Tottenham Hotspur
Eric Dier,eng ENG,DF,29,4,1,201,2.2,0,0,0,0,0,0,0,0,0,0,0,0,0,3,0,0,0,0,0,0,0,0,0,0,0,Tottenham Hotspur
Ivan Perišić,hr CRO,FW,34,5,0,103,1.1,0,1,1,0,0,0,2,0,0.1,0.1,0.9,1,15,9,17,0,0.87,0.87,0,0.87,0.1,0.75,0.85,0.1,0.85,Tottenham Hotspur
Davinson Sánchez,co COL,DF,27,1,0,77,0.9,0,0,0,0,0,0,1,0,0.1,0.1,0,0.1,0,2,0,0,0,0,0,0,0.14,0,0.14,0.14,0.14,Tottenham Hotspur
Alejo Véliz,ar ARG,FW,19,8,0,50,0.6,1,0,1,1,0,0,1,0,0.2,0.2,0,0.2,0,1,3,1.8,0,1.8,1.8,1.8,0.45,0,0.45,0.45,0.45,Tottenham Hotspur
Dane Scarlett,eng ENG,FW,19,4,0,22,0.2,0,0,0,0,0,0,0,0,0,0,0,0,0,1,4,0,0,0,0,0,0,0,0,0,0,Tottenham Hotspur
Mikey Moore,eng ENG,MF,15,2,0,4,0,0,0,0,0,0,0,0,0,0,0,0,0,2,1,2,0,0,0,0,0,0,0,0,0,0,Tottenham Hotspur
Jamie Donley,eng ENG,FW,18,3,0,3,0,0,0,0,0,0,0,1,0,0,0,0,0,0,0,0,0,0,0,0,0,0,0,0,0,0,Tottenham Hotspur
André Onana,cm CMR,GK,27,38,38,3420,38,0,0,0,0,0,0,5,0,0,0,0.1,0.1,1,5,0,0,0,0,0,0,0,0,0,0,0,Manchester United
Diogo Dalot,pt POR,DF,24,36,35,3174,35.3,2,3,5,2,0,0,6,1,1.7,1.7,2.9,4.6,52,124,111,0.06,0.09,0.14,0.06,0.14,0.05,0.08,0.13,0.05,0.13,Manchester United
Bruno Fernandes,pt POR,"MF,FW",28,35,35,3118,34.6,10,8,18,6,4,5,9,0,10,6.1,11.8,17.8,86,297,182,0.29,0.23,0.52,0.17,0.4,0.29,0.34,0.63,0.18,0.51,Manchester United
Alejandro Garnacho,ar ARG,FW,19,36,30,2565,28.5,7,4,11,7,0,0,4,0,8.4,8.3,5.1,13.4,178,62,281,0.25,0.14,0.39,0.25,0.39,0.29,0.18,0.47,0.29,0.47,Manchester United
Marcus Rashford,eng ENG,FW,25,33,26,2271,25.2,7,2,9,5,2,2,2,0,7.4,5.8,2.3,8.1,95,65,184,0.28,0.08,0.36,0.2,0.28,0.29,0.09,0.38,0.23,0.32,Manchester United
Rasmus Højlund,dk DEN,FW,20,30,25,2158,24,10,2,12,10,0,0,2,0,7.6,7.6,1.6,9.2,36,33,111,0.42,0.08,0.5,0.42,0.5,0.32,0.07,0.38,0.32,0.38,Manchester United
Casemiro,br BRA,"MF,DF",31,25,24,1982,22,1,2,3,1,0,0,7,0,3.5,3.5,1,4.5,12,112,36,0.05,0.09,0.14,0.05,0.14,0.16,0.05,0.2,0.16,0.2,Manchester United
Kobbie Mainoo,eng ENG,MF,18,24,24,1924,21.4,3,1,4,3,0,0,3,0,0.9,0.9,0.7,1.6,25,64,36,0.14,0.05,0.19,0.14,0.19,0.04,0.03,0.07,0.04,0.07,Manchester United
Aaron Wan-Bissaka,eng ENG,DF,25,22,20,1780,19.8,0,2,2,0,0,0,4,0,0.1,0.1,1.5,1.6,30,77,54,0,0.1,0.1,0,0.1,0.01,0.08,0.08,0.01,0.08,Manchester United
Scott McTominay,sct SCO,"MF,FW",26,32,18,1901,21.1,7,1,8,7,0,0,2,0,5.7,5.7,0.8,6.6,29,64,47,0.33,0.05,0.38,0.33,0.38,0.27,0.04,0.31,0.27,0.31,Manchester United
Harry Maguire,eng ENG,DF,30,22,18,1653,18.4,2,2,4,2,0,0,4,0,2,2,1.2,3.3,20,73,2,0.11,0.11,0.22,0.11,0.22,0.11,0.07,0.18,0.11,0.18,Manchester United
Raphaël Varane,fr FRA,DF,30,22,16,1375,15.3,1,0,1,1,0,0,2,0,1.3,1.3,0.1,1.3,16,59,2,0.07,0,0.07,0.07,0.07,0.08,0,0.09,0.08,0.09,Manchester United
Jonny Evans,nir NIR,DF,35,23,15,1392,15.5,0,1,1,0,0,0,2,0,0.1,0.1,1.2,1.2,7,37,1,0,0.06,0.06,0,0.06,0,0.08,0.08,0,0.08,Manchester United
Antony,br BRA,FW,23,29,15,1324,14.7,1,1,2,1,0,0,5,0,3.4,3.4,2.8,6.1,53,64,149,0.07,0.07,0.14,0.07,0.14,0.23,0.19,0.42,0.23,0.42,Manchester United
Victor Lindelöf,se SWE,DF,29,19,14,1328,14.8,1,1,2,1,0,0,2,0,0.8,0.8,0.3,1.1,17,40,17,0.07,0.07,0.14,0.07,0.14,0.05,0.02,0.07,0.05,0.07,Manchester United
Christian Eriksen,dk DEN,MF,31,22,12,1141,12.7,1,2,3,1,0,0,1,0,1,1,2.3,3.3,20,68,23,0.08,0.16,0.24,0.08,0.24,0.08,0.18,0.26,0.08,0.26,Manchester United
Luke Shaw,eng ENG,DF,28,12,12,959,10.7,0,0,0,0,0,0,6,0,0,0,1,1,10,45,30,0,0,0,0,0,0,0.09,0.1,0,0.1,Manchester United
Sofyan Amrabat,ma MAR,"MF,DF",26,21,10,938,10.4,0,0,0,0,0,0,6,0,0.1,0.1,0.3,0.4,6,66,10,0,0,0,0,0,0.01,0.03,0.04,0.01,0.04,Manchester United
Lisandro Martínez,ar ARG,DF,25,11,8,646,7.2,0,1,1,0,0,0,3,0,0,0,0.1,0.1,8,28,1,0,0.14,0.14,0,0.14,0,0.01,0.01,0,0.01,Manchester United
Mason Mount,eng ENG,"MF,FW",24,14,5,516,5.7,1,0,1,1,0,0,2,0,0.4,0.4,0.3,0.7,9,21,34,0.17,0,0.17,0.17,0.17,0.07,0.06,0.13,0.07,0.13,Manchester United
Anthony Martial,fr FRA,FW,27,13,5,448,5,1,0,1,1,0,0,0,0,1.2,1.2,0.2,1.5,6,12,36,0.2,0,0.2,0.2,0.2,0.25,0.05,0.29,0.25,0.29,Manchester United
Sergio Reguilón,es ESP,DF,26,9,4,412,4.6,0,0,0,0,0,0,3,0,0.2,0.2,0.7,0.9,11,27,38,0,0,0,0,0,0.04,0.16,0.2,0.04,0.2,Manchester United
Amad Diallo,ci CIV,"FW,MF",21,9,3,390,4.3,1,1,2,1,0,0,1,0,0.5,0.5,1.1,1.6,11,10,31,0.23,0.23,0.46,0.23,0.46,0.12,0.24,0.36,0.12,0.36,Manchester United
Willy Kambwala,fr FRA,DF,18,8,3,330,3.7,0,0,0,0,0,0,1,0,0,0,0,0,2,8,1,0,0,0,0,0,0,0,0,0,0,Manchester United
Facundo Pellistri,uy URU,"FW,MF",21,9,1,172,1.9,0,1,1,0,0,0,0,0,0.7,0.7,0.1,0.8,6,6,31,0,0.52,0.52,0,0.52,0.38,0.05,0.43,0.38,0.43,Manchester United
Hannibal Mejbri,tn TUN,"MF,FW",20,5,1,133,1.5,1,0,1,1,0,0,1,0,0,0,0.4,0.4,2,6,10,0.68,0,0.68,0.68,0.68,0.02,0.25,0.27,0.02,0.27,Manchester United
Omari Forson,eng ENG,FW,19,4,1,70,0.8,0,1,1,0,0,0,0,0,0,0,0.2,0.2,1,2,2,0,1.29,1.29,0,1.29,0.04,0.23,0.27,0.04,0.27,Manchester United
Jadon Sancho,eng ENG,"FW,MF",23,3,0,79,0.9,0,0,0,0,0,0,0,0,0,0,0.1,0.1,10,4,5,0,0,0,0,0,0,0.06,0.06,0,0.06,Manchester United
Ethan Wheatley,eng ENG,FW,17,3,0,16,0.2,0,0,0,0,0,0,0,0,0,0,0,0,0,0,1,0,0,0,0,0,0,0,0,0,0,Manchester United
Donny van de Beek,nl NED,DF,26,1,0,3,0,0,0,0,0,0,0,0,0,0,0,0.1,0.2,0,0,1,0,0,0,0,0,1.09,4.44,5.54,1.09,5.54,Manchester United
Daniel Gore,eng ENG,MF,18,1,0,1,0,0,0,0,0,0,0,0,0,0,0,0,0,0,0,0,0,0,0,0,0,0,0,0,0,0,Manchester United
Ollie Watkins,eng ENG,FW,27,37,37,3217,35.7,19,13,32,19,0,0,4,0,16.8,16.8,7.3,24.2,62,55,214,0.53,0.36,0.9,0.53,0.9,0.47,0.21,0.68,0.47,0.68,Aston Villa
Ezri Konsa,eng ENG,DF,25,35,35,3069,34.1,1,0,1,1,0,0,5,0,2.5,2.5,0.5,3,37,136,33,0.03,0,0.03,0.03,0.03,0.07,0.02,0.09,0.07,0.09,Aston Villa
John McGinn,sct SCO,"MF,FW",28,35,35,2999,33.3,6,4,10,6,0,0,9,1,5,5,4.6,9.6,59,189,84,0.18,0.12,0.3,0.18,0.3,0.15,0.14,0.29,0.15,0.29,Aston Villa
Douglas Luiz,br BRA,MF,25,35,35,2993,33.3,9,5,14,5,4,4,12,0,6.9,3.8,5.4,9.2,60,168,50,0.27,0.15,0.42,0.15,0.3,0.21,0.16,0.37,0.11,0.28,Aston Villa
Emiliano Martínez,ar ARG,GK,30,34,34,3015,33.5,0,0,0,0,0,0,4,0,0,0,0,0,0,2,0,0,0,0,0,0,0,0,0,0,0,Aston Villa
Pau Torres,es ESP,DF,26,29,27,2464,27.4,2,0,2,2,0,0,1,0,1,1,0.4,1.4,42,128,16,0.07,0,0.07,0.07,0.07,0.04,0.02,0.05,0.04,0.05,Aston Villa
Lucas Digne,fr FRA,DF,30,33,27,2410,26.8,1,3,4,1,0,0,7,0,1.1,1.1,4.1,5.2,42,77,200,0.04,0.11,0.15,0.04,0.15,0.04,0.15,0.19,0.04,0.19,Aston Villa
Moussa Diaby,fr FRA,"FW,MF",24,38,25,2174,24.2,6,8,14,6,0,0,1,0,7,7,6.6,13.6,94,72,183,0.25,0.33,0.58,0.25,0.58,0.29,0.27,0.56,0.29,0.56,Aston Villa
Matty Cash,pl POL,DF,25,29,23,2142,23.8,2,2,4,2,0,0,8,0,4.2,4.2,2.3,6.5,62,88,101,0.08,0.08,0.17,0.08,0.17,0.18,0.1,0.27,0.18,0.27,Aston Villa
Leon Bailey,jm JAM,"MF,FW",25,35,22,2068,23,10,9,19,10,0,0,5,0,6.3,6.3,9.2,15.5,102,82,226,0.44,0.39,0.83,0.44,0.83,0.27,0.4,0.67,0.27,0.67,Aston Villa
Diego Carlos,br BRA,DF,30,27,20,1816,20.2,0,0,0,0,0,0,4,0,1.9,1.9,0.1,2,4,59,1,0,0,0,0,0,0.1,0,0.1,0.1,0.1,Aston Villa
Boubacar Kamara,fr FRA,MF,23,20,20,1652,18.4,0,1,1,0,0,0,7,1,0.1,0.1,1.3,1.4,19,83,10,0,0.05,0.05,0,0.05,0.01,0.07,0.08,0.01,0.08,Aston Villa
Youri Tielemans,be BEL,"MF,FW",26,32,17,1622,18,2,6,8,2,0,0,3,0,1.3,1.3,2.6,3.9,23,128,46,0.11,0.33,0.44,0.11,0.44,0.07,0.14,0.21,0.07,0.21,Aston Villa
Clément Lenglet,fr FRA,DF,28,14,14,1153,12.8,0,1,1,0,0,0,3,0,0.9,0.9,0.8,1.6,26,51,1,0,0.08,0.08,0,0.08,0.07,0.06,0.13,0.07,0.13,Aston Villa
Álex Moreno,es ESP,DF,30,21,11,1031,11.5,2,0,2,2,0,0,2,0,1.1,1.1,1.1,2.3,32,24,83,0.17,0,0.17,0.17,0.17,0.1,0.1,0.2,0.1,0.2,Aston Villa
Nicolò Zaniolo,it ITA,"FW,MF",24,25,9,839,9.3,2,0,2,2,0,0,7,0,2.6,2.6,1,3.6,35,30,60,0.21,0,0.21,0.21,0.21,0.28,0.11,0.39,0.28,0.39,Aston Villa
Jacob Ramsey,eng ENG,"FW,MF",22,16,8,853,9.5,1,1,2,1,0,0,2,0,2.2,2.2,1,3.2,33,28,69,0.11,0.11,0.21,0.11,0.21,0.23,0.11,0.34,0.23,0.34,Aston Villa
Morgan Rogers,eng ENG,"MF,FW",21,11,8,638,7.1,3,1,4,3,0,0,3,0,1.4,1.4,0.6,2,22,28,30,0.42,0.14,0.56,0.42,0.56,0.19,0.09,0.28,0.19,0.28,Aston Villa
Robin Olsen,se SWE,GK,33,5,4,405,4.5,0,0,0,0,0,0,0,0,0,0,0,0,0,0,0,0,0,0,0,0,0,0,0,0,0,Aston Villa
Jhon Durán,co COL,"FW,MF",19,23,3,475,5.3,5,0,5,5,0,0,5,0,2,2,0.3,2.3,9,9,25,0.95,0,0.95,0.95,0.95,0.38,0.06,0.44,0.38,0.44,Aston Villa
Tim Iroegbunam,eng ENG,MF,20,9,1,164,1.8,0,0,0,0,0,0,0,0,0,0,0,0,3,1,0,0,0,0,0,0,0,0,0,0,0,Aston Villa
Calum Chambers,eng ENG,"MF,DF",28,5,1,152,1.7,0,1,1,0,0,0,1,0,0,0,0.1,0.1,0,5,1,0,0.59,0.59,0,0.59,0,0.06,0.06,0,0.06,Aston Villa
Leander Dendoncker,be BEL,MF,28,8,1,119,1.3,1,0,1,1,0,0,0,0,0.7,0.7,0,0.7,0,3,2,0.76,0,0.76,0.76,0.76,0.56,0,0.56,0.56,0.56,Aston Villa
Tyrone Mings,eng ENG,DF,30,1,1,30,0.3,0,0,0,0,0,0,0,0,0,0,0,0,0,0,0,0,0,0,0,0,0.02,0.07,0.09,0.02,0.09,Aston Villa
Omari Kellyman,eng ENG,FW,17,2,0,37,0.4,0,0,0,0,0,0,0,0,0.1,0.1,0,0.1,1,0,0,0,0,0,0,0,0.17,0,0.17,0.17,0.17,Aston Villa
Philippe Coutinho,br BRA,"MF,FW",31,2,0,25,0.3,0,0,0,0,0,0,0,0,0.1,0.1,0,0.1,5,5,2,0,0,0,0,0,0.52,0,0.52,0.52,0.52,Aston Villa
Bertrand Traoré,bf BFA,"DF,FW",27,2,0,11,0.1,0,0,0,0,0,0,0,0,0,0,0,0,0,0,0,0,0,0,0,0,0,0,0,0,0,Aston Villa
Cameron Archer,eng ENG,MF,22,1,0,6,0.1,0,0,0,0,0,0,1,0,0,0,0,0,1,0,0,0,0,0,0,0,0,0,0,0,0,Aston Villa
Kaine Kesler-Hayden,eng ENG,"MF,DF",20,3,0,6,0.1,0,0,0,0,0,0,0,0,0,0,0,0,0,0,0,0,0,0,0,0,0,0,0,0,0,Aston Villa
Finley Munroe,eng ENG,MF,18,1,0,4,0,0,0,0,0,0,0,0,0,0,0,0,0,0,0,0,0,0,0,0,0,0,0,0,0,0,Aston Villa
Jaden Philogene Bidace,eng ENG,FW,21,1,0,4,0,0,0,0,0,0,0,0,0,0,0,0,0,2,0,1,0,0,0,0,0,0,0,0,0,0,Aston Villa
Vladimír Coufal,cz CZE,DF,30,36,36,3132,34.8,0,7,7,0,0,0,7,1,0.3,0.3,4,4.3,68,119,126,0,0.2,0.2,0,0.2,0.01,0.11,0.12,0.01,0.12,West Ham United
Emerson Palmieri,it ITA,DF,28,36,35,3137,34.9,1,2,3,1,0,0,10,0,1.5,1.5,2.4,3.9,59,125,124,0.03,0.06,0.09,0.03,0.09,0.04,0.07,0.11,0.04,0.11,West Ham United
Jarrod Bowen,eng ENG,FW,26,34,34,3019,33.5,16,6,22,16,0,0,2,0,11.6,11.6,5.5,17.2,90,52,186,0.48,0.18,0.66,0.48,0.66,0.35,0.16,0.51,0.35,0.51,West Ham United
James Ward-Prowse,eng ENG,MF,28,37,34,3001,33.3,7,7,14,5,2,2,4,0,6,4.4,7.8,12.3,18,144,63,0.21,0.21,0.42,0.15,0.36,0.18,0.23,0.41,0.13,0.37,West Ham United
Tomáš Souček,cz CZE,MF,28,37,34,2870,31.9,7,2,9,7,0,0,7,0,6.7,6.7,1.7,8.4,7,86,39,0.22,0.06,0.28,0.22,0.28,0.21,0.05,0.26,0.21,0.26,West Ham United
Kurt Zouma,fr FRA,DF,28,33,32,2838,31.5,3,0,3,3,0,0,3,0,1.8,1.8,0.2,2,7,53,1,0.1,0,0.1,0.1,0.1,0.06,0.01,0.06,0.06,0.06,West Ham United
Alphonse Areola,fr FRA,GK,30,31,31,2699,30,0,0,0,0,0,0,1,0,0,0,0,0,0,1,0,0,0,0,0,0,0,0,0,0,0,West Ham United
Lucas Paquetá,br BRA,"FW,MF",25,31,31,2622,29.1,4,6,10,2,2,2,10,0,5.4,3.8,5.4,9.2,34,187,116,0.14,0.21,0.34,0.07,0.27,0.18,0.18,0.37,0.13,0.32,West Ham United
Edson Álvarez,mx MEX,MF,25,31,28,2377,26.4,1,1,2,1,0,0,11,0,1.3,1.3,0.6,1.9,20,91,26,0.04,0.04,0.08,0.04,0.08,0.05,0.02,0.07,0.05,0.07,West Ham United
Mohammed Kudus,gh GHA,"FW,MF",22,33,27,2484,27.6,8,6,14,8,0,0,6,0,5.1,5.1,3.5,8.6,117,80,216,0.29,0.22,0.51,0.29,0.51,0.19,0.13,0.31,0.19,0.31,West Ham United
Nayef Aguerd,ma MAR,DF,27,21,21,1857,20.6,1,0,1,1,0,0,3,1,1.5,1.5,0.3,1.8,10,68,3,0.05,0,0.05,0.05,0.05,0.07,0.01,0.09,0.07,0.09,West Ham United
Michail Antonio,jm JAM,FW,33,26,21,1695,18.8,6,2,8,6,0,0,6,0,5.8,5.8,0.9,6.7,48,22,104,0.32,0.11,0.42,0.32,0.42,0.31,0.05,0.35,0.31,0.35,West Ham United
Konstantinos Mavropanos,gr GRE,DF,25,19,16,1500,16.7,1,0,1,1,0,0,2,0,1.2,1.2,0.2,1.4,10,38,2,0.06,0,0.06,0.06,0.06,0.07,0.01,0.08,0.07,0.08,West Ham United
Łukasz Fabiański,pl POL,GK,38,10,7,721,8,0,0,0,0,0,0,0,0,0,0,0,0,0,1,0,0,0,0,0,0,0,0,0,0,0,West Ham United
Angelo Ogbonna,it ITA,DF,35,11,7,635,7.1,0,0,0,0,0,0,1,0,0,0,0,0,2,4,0,0,0,0,0,0,0.01,0,0.01,0.01,0.01,West Ham United
Saïd Benrahma,dz ALG,"FW,MF",27,13,5,620,6.9,0,1,1,0,0,1,1,0,1.8,1,1.4,2.5,28,28,70,0,0.15,0.15,0,0.15,0.27,0.21,0.47,0.15,0.36,West Ham United
Ben Johnson,eng ENG,"DF,FW",23,14,4,544,6,0,0,0,0,0,0,1,0,0.2,0.2,0,0.2,17,22,33,0,0,0,0,0,0.03,0,0.03,0.03,0.03,West Ham United
Aaron Cresswell,eng ENG,"DF,FW",33,11,4,436,4.8,0,0,0,0,0,0,1,0,0,0,0.4,0.4,4,26,6,0,0,0,0,0,0,0.09,0.09,0,0.09,West Ham United
Pablo Fornals,es ESP,"MF,FW",27,15,4,426,4.7,0,0,0,0,0,0,0,0,0.3,0.3,0.3,0.6,4,29,27,0,0,0,0,0,0.07,0.07,0.13,0.07,0.13,West Ham United
Danny Ings,eng ENG,FW,31,20,3,404,4.5,1,0,1,1,0,0,1,0,1.3,1.3,0.3,1.5,7,8,29,0.22,0,0.22,0.22,0.22,0.28,0.06,0.34,0.28,0.34,West Ham United
Kalvin Phillips,eng ENG,MF,27,8,3,309,3.4,0,0,0,0,0,0,3,1,0.1,0.1,0,0.1,3,19,4,0,0,0,0,0,0.02,0,0.02,0.02,0.02,West Ham United
Maxwel Cornet,ci CIV,"MF,FW",26,7,1,112,1.2,1,0,1,1,0,0,0,0,0.4,0.4,0.2,0.6,3,2,8,0.8,0,0.8,0.8,0.8,0.32,0.13,0.46,0.32,0.46,West Ham United
Divin Mubama,eng ENG,FW,18,5,0,80,0.9,0,0,0,0,0,0,0,0,0.1,0.1,0,0.1,0,0,5,0,0,0,0,0,0.17,0,0.17,0.17,0.17,West Ham United
George Earthy,eng ENG,FW,18,3,0,34,0.4,1,0,1,1,0,0,0,0,0.3,0.3,0,0.3,0,1,3,2.65,0,2.65,2.65,2.65,0.82,0,0.82,0.82,0.82,West Ham United
Thilo Kehrer,de GER,"DF,MF",26,4,0,22,0.2,0,0,0,0,0,0,2,0,0,0,0,0,0,1,1,0,0,0,0,0,0,0,0,0,0,West Ham United
Kaelan Casey,eng ENG,DF,18,1,0,1,0,0,0,0,0,0,0,0,0,0,0,0,0,0,0,0,0,0,0,0,0,0,0,0,0,0,West Ham United
Joachim Andersen,dk DEN,DF,27,38,38,3415,37.9,2,3,5,2,0,0,7,0,1.7,1.7,2.8,4.5,21,147,10,0.05,0.08,0.13,0.05,0.13,0.04,0.07,0.12,0.04,0.12,Crystal Palace
Tyrick Mitchell,eng ENG,"DF,MF",23,37,37,3204,35.6,2,3,5,2,0,0,6,0,1.6,1.6,2.8,4.4,32,94,159,0.06,0.08,0.14,0.06,0.14,0.04,0.08,0.12,0.04,0.12,Crystal Palace
Jordan Ayew,gh GHA,"FW,MF",31,35,30,2543,28.3,4,7,11,4,0,0,9,1,3.9,3.9,4.2,8.1,74,63,173,0.14,0.25,0.39,0.14,0.39,0.14,0.15,0.29,0.14,0.29,Crystal Palace
Jefferson Lerma,co COL,"MF,DF",28,28,27,2400,26.7,1,1,2,1,0,0,8,0,2.7,2.7,2.2,4.8,14,106,51,0.04,0.04,0.07,0.04,0.07,0.1,0.08,0.18,0.1,0.18,Crystal Palace
Jean-Philippe Mateta,fr FRA,FW,26,35,25,2282,25.4,16,5,21,14,2,2,3,0,10.9,9.4,3.1,12.5,29,25,135,0.63,0.2,0.83,0.55,0.75,0.43,0.12,0.56,0.37,0.49,Crystal Palace
Eberechi Eze,eng ENG,"MF,FW",25,27,24,2055,22.8,11,4,15,10,1,1,3,0,9.1,8.3,5.2,13.5,68,93,139,0.48,0.18,0.66,0.44,0.61,0.4,0.23,0.62,0.36,0.59,Crystal Palace
Chris Richards,us USA,"DF,MF",23,26,23,2094,23.3,1,1,2,1,0,0,3,0,0.6,0.6,0.4,1,1,43,1,0.04,0.04,0.09,0.04,0.09,0.03,0.02,0.04,0.03,0.04,Crystal Palace
Marc Guéhi,eng ENG,DF,23,25,23,2021,22.5,0,1,1,0,0,0,2,0,0.6,0.6,0.6,1.2,15,67,7,0,0.04,0.04,0,0.04,0.03,0.03,0.05,0.03,0.05,Crystal Palace
Joel Ward,eng ENG,DF,33,26,23,1980,22,0,1,1,0,0,0,4,0,0.9,0.9,0.2,1.1,16,66,14,0,0.05,0.05,0,0.05,0.04,0.01,0.05,0.04,0.05,Crystal Palace
Will Hughes,eng ENG,MF,28,30,23,1891,21,0,1,1,0,0,0,6,0,0.3,0.3,1.1,1.5,14,76,17,0,0.05,0.05,0,0.05,0.02,0.05,0.07,0.02,0.07,Crystal Palace
Sam Johnstone,eng ENG,GK,30,20,20,1796,20,0,0,0,0,0,0,1,0,0,0,0,0,0,0,0,0,0,0,0,0,0,0,0,0,0,Crystal Palace
Dean Henderson,eng ENG,GK,26,18,18,1620,18,0,0,0,0,0,0,2,0,0,0,0,0,0,0,0,0,0,0,0,0,0,0,0,0,0,Crystal Palace
Odsonne Édouard,fr FRA,"FW,MF",25,30,17,1555,17.3,7,0,7,7,0,0,4,0,6.2,6.2,1.2,7.4,33,36,100,0.41,0,0.41,0.41,0.41,0.36,0.07,0.43,0.36,0.43,Crystal Palace
Jeffrey Schlupp,gh GHA,"FW,MF",30,29,17,1352,15,2,2,4,2,0,0,1,0,1.8,1.8,2.3,4.1,20,33,52,0.13,0.13,0.27,0.13,0.27,0.12,0.15,0.27,0.12,0.27,Crystal Palace
Daniel Muñoz,co COL,"DF,MF",27,16,16,1439,16,0,4,4,0,0,0,4,0,1.2,1.2,2.4,3.7,25,38,80,0,0.25,0.25,0,0.25,0.08,0.15,0.23,0.08,0.23,Crystal Palace
Adam Wharton,eng ENG,MF,19,16,15,1297,14.4,0,3,3,0,0,0,2,0,0.3,0.3,2.4,2.8,14,79,10,0,0.21,0.21,0,0.21,0.02,0.17,0.19,0.02,0.19,Crystal Palace
Nathaniel Clyne,eng ENG,DF,32,19,14,1338,14.9,0,0,0,0,0,0,0,0,0.2,0.2,0.2,0.4,10,33,18,0,0,0,0,0,0.01,0.01,0.03,0.01,0.03,Crystal Palace
Michael Olise,fr FRA,"FW,MF",21,19,14,1275,14.2,10,6,16,9,1,1,0,0,5.5,4.7,5.8,10.5,68,78,134,0.71,0.42,1.13,0.64,1.06,0.39,0.41,0.8,0.33,0.74,Crystal Palace
Cheick Doucouré,ml MLI,MF,23,11,11,919,10.2,0,0,0,0,0,0,2,0,0.3,0.3,0.7,1,9,49,5,0,0,0,0,0,0.03,0.07,0.1,0.03,0.1,Crystal Palace
Jaïro Riedewald,nl NED,"MF,FW",26,9,2,235,2.6,0,0,0,0,0,0,0,0,0,0,0,0,3,10,3,0,0,0,0,0,0.01,0,0.01,0.01,0.01,Crystal Palace
Matheus França,br BRA,"MF,FW",19,10,1,232,2.6,0,1,1,0,0,0,1,0,0.4,0.4,0.9,1.2,12,8,12,0,0.39,0.39,0,0.39,0.14,0.34,0.48,0.14,0.48,Crystal Palace
Naouirou Ahamada,fr FRA,"MF,FW",21,20,0,349,3.9,0,0,0,0,0,0,4,1,0.5,0.5,0,0.5,19,25,20,0,0,0,0,0,0.13,0.01,0.13,0.13,0.13,Crystal Palace
David Ozoh,eng ENG,"MF,DF",18,9,0,156,1.7,0,0,0,0,0,0,1,0,0,0,0,0,2,4,3,0,0,0,0,0,0,0,0,0,0,Crystal Palace
Jesurun Rak Sakyi,eng ENG,"MF,FW",20,6,0,136,1.5,0,0,0,0,0,0,0,0,0.4,0.4,0.2,0.6,7,2,18,0,0,0,0,0,0.28,0.1,0.38,0.28,0.38,Crystal Palace
James Tomkins,eng ENG,DF,34,4,0,10,0.1,0,0,0,0,0,0,0,0,0,0,0,0,0,1,0,0,0,0,0,0,0,0,0,0,0,Crystal Palace
Remi Matthews,eng ENG,GK,29,1,0,4,0,0,0,0,0,0,0,0,0,0,0,0,0,0,0,0,0,0,0,0,0,0,0,0,0,0,Crystal Palace
Bernd Leno,de GER,GK,31,38,38,3420,38,0,0,0,0,0,0,3,0,0,0,0,0,0,0,0,0,0,0,0,0,0,0,0,0,0,Fulham
Antonee Robinson,us USA,DF,25,37,37,3265,36.3,0,6,6,0,0,0,6,0,0.7,0.7,4.2,4.8,99,129,194,0,0.17,0.17,0,0.17,0.02,0.11,0.13,0.02,0.13,Fulham
Andreas Pereira,br BRA,MF,27,37,34,2613,29,3,7,10,3,0,0,6,0,4.6,4.6,7.1,11.7,56,138,125,0.1,0.24,0.34,0.1,0.34,0.16,0.24,0.4,0.16,0.4,Fulham
João Palhinha,pt POR,MF,28,33,31,2699,30,4,1,5,4,0,0,13,0,3.3,3.3,0.8,4.1,8,97,14,0.13,0.03,0.17,0.13,0.17,0.11,0.03,0.14,0.11,0.14,Fulham
Timothy Castagne,be BEL,DF,27,34,29,2634,29.3,1,3,4,1,0,0,3,0,1.6,1.6,1.9,3.5,48,77,113,0.03,0.1,0.14,0.03,0.14,0.06,0.07,0.12,0.06,0.12,Fulham
Calvin Bassey,ng NGA,DF,23,29,25,2303,25.6,1,0,1,1,0,0,6,1,0.3,0.3,0,0.4,15,62,4,0.04,0,0.04,0.04,0.04,0.01,0,0.01,0.01,0.01,Fulham
Alex Iwobi,ng NGA,"FW,MF",27,30,25,2192,24.4,5,2,7,5,0,0,2,0,5.3,5.3,4.7,10,109,147,175,0.21,0.08,0.29,0.21,0.29,0.22,0.19,0.41,0.22,0.41,Fulham
Willian,br BRA,FW,34,31,24,2053,22.8,4,2,6,2,2,2,1,0,5.1,3.6,3.9,7.5,92,153,181,0.18,0.09,0.26,0.09,0.18,0.22,0.17,0.4,0.16,0.33,Fulham
Tosin Adarabioyo,eng ENG,DF,25,20,18,1617,18,2,0,2,2,0,0,2,0,0.7,0.7,0.1,0.8,10,62,5,0.11,0,0.11,0.11,0.11,0.04,0.01,0.05,0.04,0.05,Fulham
Rodrigo Muniz,br BRA,FW,22,26,18,1593,17.7,9,1,10,9,0,0,1,0,8.7,8.7,2,10.7,8,19,76,0.51,0.06,0.56,0.51,0.56,0.49,0.12,0.61,0.49,0.61,Fulham
Raúl Jiménez,mx MEX,FW,32,24,18,1395,15.5,7,0,7,7,0,0,3,1,5.2,5.2,1.5,6.6,11,24,87,0.45,0,0.45,0.45,0.45,0.33,0.1,0.43,0.33,0.43,Fulham
Tim Ream,us USA,DF,35,18,17,1503,16.7,1,0,1,1,0,0,4,1,1,1,0,1,11,65,3,0.06,0,0.06,0.06,0.06,0.06,0,0.06,0.06,0.06,Fulham
Bobby Reid,jm JAM,FW,30,33,17,1423,15.8,6,2,8,6,0,0,4,0,4.6,4.6,1.8,6.4,35,47,95,0.38,0.13,0.51,0.38,0.51,0.28,0.11,0.4,0.28,0.4,Fulham
Harry Wilson,wls WAL,FW,26,35,16,1620,18,4,6,10,4,0,0,6,0,3.4,3.4,3.5,6.8,41,60,130,0.22,0.33,0.56,0.22,0.56,0.19,0.19,0.38,0.19,0.38,Fulham
Issa Diop,fr FRA,DF,26,18,16,1424,15.8,0,0,0,0,0,0,4,1,0.3,0.3,0,0.3,11,66,1,0,0,0,0,0,0.02,0,0.02,0.02,0.02,Fulham
Harrison Reed,eng ENG,MF,28,27,15,1325,14.7,0,2,2,0,0,0,6,0,0.3,0.3,1.1,1.4,10,56,40,0,0.14,0.14,0,0.14,0.02,0.07,0.09,0.02,0.09,Fulham
Tom Cairney,sct SCO,MF,32,34,14,1488,16.5,1,4,5,1,0,0,3,0,1.1,1.1,2.3,3.4,35,145,72,0.06,0.24,0.3,0.06,0.3,0.07,0.14,0.2,0.07,0.2,Fulham
Saša Lukić,rs SRB,MF,26,24,13,1122,12.5,1,0,1,1,0,0,3,0,1.6,1.6,0.8,2.4,12,43,27,0.08,0,0.08,0.08,0.08,0.13,0.06,0.19,0.13,0.19,Fulham
Kenny Tete,nl NED,DF,27,14,10,867,9.6,1,0,1,1,0,0,2,0,0.9,0.9,0.4,1.2,20,54,38,0.1,0,0.1,0.1,0.1,0.09,0.04,0.13,0.09,0.13,Fulham
Carlos Vinícius,br BRA,FW,28,13,2,315,3.5,2,0,2,2,0,0,2,0,1.6,1.6,0.8,2.4,3,3,13,0.57,0,0.57,0.57,0.57,0.46,0.23,0.69,0.46,0.69,Fulham
Adama Traoré,es ESP,"FW,MF",27,17,1,377,4.2,2,3,5,2,0,0,2,0,1.5,1.5,0.7,2.2,29,16,48,0.48,0.72,1.19,0.48,1.19,0.36,0.17,0.53,0.36,0.53,Fulham
Armando Broja,al ALB,FW,21,8,0,88,1,0,1,1,0,0,0,0,0,0,0,0.4,0.4,2,2,7,0,1.02,1.02,0,1.02,0,0.41,0.41,0,0.41,Fulham
Luke Harris,wls WAL,MF,18,1,0,75,0.8,0,0,0,0,0,0,0,0,0.3,0.3,0,0.3,0,1,0,0,0,0,0,0,0.33,0,0.33,0.33,0.33,Fulham
Fodé Ballo-Touré,sn SEN,"DF,MF",26,6,0,71,0.8,0,0,0,0,0,0,1,0,0,0,0,0,5,0,4,0,0,0,0,0,0,0,0,0,0,Fulham
Aleksandar Mitrović,rs SRB,FW,28,1,0,33,0.4,0,0,0,0,0,0,0,0,0.2,0.2,0,0.2,0,1,0,0,0,0,0,0,0.44,0,0.44,0.44,0.44,Fulham
Jordan Pickford,eng ENG,GK,29,38,38,3420,38,0,0,0,0,0,0,5,0,0,0,0.1,0.1,1,6,0,0,0,0,0,0,0,0,0,0,0,Everton
James Tarkowski,eng ENG,DF,30,38,38,3419,38,1,1,2,1,0,0,11,0,2.6,2.6,2.5,5.1,15,130,20,0.03,0.03,0.05,0.03,0.05,0.07,0.06,0.13,0.07,0.13,Everton
Jarrad Branthwaite,eng ENG,DF,21,35,35,3116,34.6,3,0,3,3,0,0,8,0,1.7,1.7,1,2.8,2,74,6,0.09,0,0.09,0.09,0.09,0.05,0.03,0.08,0.05,0.08,Everton
James Garner,eng ENG,MF,22,37,34,3004,33.4,1,2,3,1,0,0,7,0,2.7,2.7,4.6,7.3,36,100,76,0.03,0.06,0.09,0.03,0.09,0.08,0.14,0.22,0.08,0.22,Everton
Dwight McNeil,eng ENG,"MF,FW",23,35,33,2892,32.1,3,6,9,3,0,0,2,0,3.4,3.4,8.8,12.2,80,114,147,0.09,0.19,0.28,0.09,0.28,0.11,0.27,0.38,0.11,0.38,Everton
Abdoulaye Doucouré,ml MLI,"FW,MF",30,32,32,2629,29.2,7,1,8,7,0,0,7,0,8.8,8.8,2.9,11.6,55,97,140,0.24,0.03,0.27,0.24,0.27,0.3,0.1,0.4,0.3,0.4,Everton
Vitaliy Mykolenko,ua UKR,DF,24,28,28,2469,27.4,2,0,2,2,0,0,1,0,1.5,1.5,0.9,2.4,14,55,68,0.07,0,0.07,0.07,0.07,0.06,0.03,0.09,0.06,0.09,Everton
Ashley Young,eng ENG,"DF,MF",38,31,27,2280,25.3,0,0,0,0,0,0,7,1,0.6,0.6,1.5,2.1,40,82,61,0,0,0,0,0,0.02,0.06,0.08,0.02,0.08,Everton
Dominic Calvert-Lewin,eng ENG,FW,26,32,26,2171,24.1,7,2,9,5,2,2,2,0,12.9,11.4,3.1,14.5,36,31,122,0.29,0.08,0.37,0.21,0.29,0.54,0.13,0.66,0.47,0.6,Everton
Jack Harrison,eng ENG,"MF,FW",26,29,25,2214,24.6,3,3,6,3,0,0,1,0,3.6,3.6,3.4,7,65,62,135,0.12,0.12,0.24,0.12,0.24,0.14,0.14,0.28,0.14,0.28,Everton
Idrissa Gana Gueye,sn SEN,MF,33,25,24,1884,20.9,4,0,4,4,0,0,8,0,1.3,1.3,1.1,2.4,29,83,41,0.19,0,0.19,0.19,0.19,0.06,0.05,0.12,0.06,0.12,Everton
Amadou Onana,be BEL,MF,21,30,23,2091,23.2,2,0,2,2,0,0,5,0,2,2,2.7,4.7,21,107,39,0.09,0,0.09,0.09,0.09,0.09,0.11,0.2,0.09,0.2,Everton
Ben Godfrey,eng ENG,DF,25,15,13,1120,12.4,0,0,0,0,0,0,2,0,1.7,1.7,0.3,2,11,43,26,0,0,0,0,0,0.14,0.02,0.16,0.14,0.16,Everton
Nathan Patterson,sct SCO,DF,21,20,9,1005,11.2,0,2,2,0,0,0,4,0,0.3,0.3,1.7,2,17,38,39,0,0.18,0.18,0,0.18,0.03,0.15,0.18,0.03,0.18,Everton
Beto,gw GNB,FW,25,30,9,951,10.6,3,0,3,3,0,1,2,0,6.8,6,0.9,6.9,14,14,58,0.28,0,0.28,0.28,0.28,0.64,0.09,0.73,0.57,0.66,Everton
Séamus Coleman,ie IRL,DF,34,12,7,665,7.4,0,0,0,0,0,0,0,0,0,0,1,1,5,22,16,0,0,0,0,0,0,0.14,0.14,0,0.14,Everton
Arnaut Danjuma,nl NED,"MF,FW",26,14,5,595,6.6,1,0,1,1,0,0,0,0,2.6,2.6,1.1,3.7,24,9,44,0.15,0,0.15,0.15,0.15,0.4,0.17,0.57,0.4,0.57,Everton
Michael Keane,eng ENG,DF,30,9,4,439,4.9,1,0,1,1,0,0,2,0,0.7,0.7,0,0.7,4,14,3,0.21,0,0.21,0.21,0.21,0.14,0,0.14,0.14,0.14,Everton
André Gomes,pt POR,"MF,FW",30,12,3,508,5.6,1,0,1,1,0,0,4,0,0.3,0.3,0.4,0.7,8,36,29,0.18,0,0.18,0.18,0.18,0.05,0.07,0.13,0.05,0.13,Everton
Alex Iwobi,ng NGA,MF,27,2,2,140,1.6,0,0,0,0,0,0,0,0,0.3,0.3,0.2,0.5,6,4,8,0,0,0,0,0,0.21,0.14,0.35,0.21,0.35,Everton
Lewis Dobbin,eng ENG,MF,20,12,1,232,2.6,1,0,1,1,0,0,1,0,0.3,0.3,0.5,0.8,6,3,20,0.39,0,0.39,0.39,0.39,0.11,0.19,0.3,0.11,0.3,Everton
Youssef Chermiti,pt POR,FW,19,18,1,208,2.3,0,0,0,0,0,0,3,0,0.7,0.7,0.8,1.5,5,5,15,0,0,0,0,0,0.31,0.34,0.65,0.31,0.65,Everton
Neal Maupay,fr FRA,FW,26,2,1,111,1.2,0,0,0,0,0,0,0,0,1.4,1.4,0.1,1.5,1,0,6,0,0,0,0,0,1.16,0.05,1.22,1.16,1.22,Everton
Thomas Cannon,ie IRL,FW,20,1,0,1,0,0,0,0,0,0,0,0,0,0,0,0,0,0,0,0,0,0,0,0,0,0,0,0,0,0,Everton
Tyler Onyango,eng ENG,MF,20,1,0,1,0,0,0,0,0,0,0,0,0,0,0,0,0,0,0,0,0,0,0,0,0,0,0,0,0,0,Everton
Lewis Warrington,eng ENG,FW,20,1,0,1,0,0,0,0,0,0,0,0,0,0,0,0,0,0,0,0,0,0,0,0,0,0,0,0,0,0,Everton
Pascal Groß,de GER,"MF,DF",32,36,34,3114,34.6,4,10,14,3,1,1,6,0,6.5,5.7,8.1,13.8,83,302,180,0.12,0.29,0.4,0.09,0.38,0.19,0.24,0.42,0.16,0.4,Brighton
Lewis Dunk,eng ENG,DF,31,33,33,2869,31.9,3,1,4,3,0,0,7,1,3.1,3.1,0.9,4,33,152,13,0.09,0.03,0.13,0.09,0.13,0.1,0.03,0.12,0.1,0.12,Brighton
Jan Paul van Hecke,nl NED,DF,23,28,26,2369,26.3,0,0,0,0,0,0,4,0,1.2,1.2,0.9,2.1,25,147,7,0,0,0,0,0,0.05,0.03,0.08,0.05,0.08,Brighton
Simon Adingra,ci CIV,FW,21,31,25,2222,24.7,6,1,7,6,0,0,3,0,4.3,4.3,3.7,8,111,50,278,0.24,0.04,0.28,0.24,0.28,0.17,0.15,0.32,0.17,0.32,Brighton
Billy Gilmour,sct SCO,MF,22,30,24,2120,23.6,0,1,1,0,0,0,8,1,1,1,2,3,39,193,33,0,0.04,0.04,0,0.04,0.04,0.09,0.13,0.04,0.13,Brighton
Bart Verbruggen,nl NED,GK,20,21,21,1890,21,0,0,0,0,0,0,3,0,0,0,0,0,0,3,0,0,0,0,0,0,0,0,0,0,0,Brighton
Danny Welbeck,eng ENG,"FW,MF",32,29,21,1693,18.8,5,1,6,5,0,0,4,0,5.3,5.3,1.7,7,32,44,100,0.27,0.05,0.32,0.27,0.32,0.28,0.09,0.37,0.28,0.37,Brighton
João Pedro,br BRA,"FW,MF",21,31,19,2045,22.7,9,3,12,5,4,5,2,0,11.9,7.9,3.8,11.7,83,92,205,0.4,0.13,0.53,0.22,0.35,0.53,0.17,0.69,0.35,0.51,Brighton
Igor,br BRA,DF,25,24,17,1637,18.2,0,0,0,0,0,0,4,0,0.3,0.3,0.7,1,30,107,12,0,0,0,0,0,0.02,0.04,0.05,0.02,0.05,Brighton
Joël Veltman,nl NED,DF,31,27,17,1588,17.6,1,1,2,1,0,0,4,0,0.4,0.4,0.5,0.9,24,85,54,0.06,0.06,0.11,0.06,0.11,0.02,0.03,0.05,0.02,0.05,Brighton
Jason Steele,eng ENG,GK,32,17,17,1530,17,0,0,0,0,0,0,0,0,0,0,0,0,0,0,0,0,0,0,0,0,0,0,0,0,0,Brighton
Facundo Buonanotte,ar ARG,"FW,MF",18,27,17,1364,15.2,3,1,4,3,0,0,7,0,2.4,2.4,1.8,4.2,23,42,69,0.2,0.07,0.26,0.2,0.26,0.16,0.12,0.28,0.16,0.28,Brighton
Kaoru Mitoma,jp JPN,FW,26,19,15,1486,16.5,3,4,7,3,0,0,4,0,3.5,3.5,2.7,6.2,121,64,239,0.18,0.24,0.42,0.18,0.42,0.21,0.16,0.37,0.21,0.37,Brighton
Evan Ferguson,ie IRL,FW,18,27,15,1367,15.2,6,0,6,6,0,0,1,0,4.6,4.6,0.5,5.1,13,15,62,0.4,0,0.4,0.4,0.4,0.3,0.04,0.34,0.3,0.34,Brighton
Carlos Baleba,cm CMR,MF,19,27,15,1325,14.7,0,0,0,0,0,0,7,0,0.8,0.8,0.3,1.1,19,50,9,0,0,0,0,0,0.06,0.02,0.08,0.06,0.08,Brighton
Pervis Estupiñán,ec ECU,DF,25,19,15,1243,13.8,2,3,5,2,0,0,4,0,1,1,3.5,4.4,47,83,88,0.14,0.22,0.36,0.14,0.36,0.07,0.25,0.32,0.07,0.32,Brighton
Adam Webster,eng ENG,DF,28,15,13,1144,12.7,0,0,0,0,0,0,2,0,0.4,0.4,0.1,0.6,16,80,2,0,0,0,0,0,0.03,0.01,0.05,0.03,0.05,Brighton
Adam Lallana,eng ENG,"MF,FW",35,25,13,850,9.4,0,1,1,0,0,0,2,0,0.8,0.8,1.7,2.5,9,39,55,0,0.11,0.11,0,0.11,0.09,0.18,0.27,0.09,0.27,Brighton
James Milner,eng ENG,"DF,MF",37,15,11,773,8.6,0,2,2,0,0,0,3,0,0.3,0.3,1.8,2,11,69,73,0,0.23,0.23,0,0.23,0.03,0.21,0.24,0.03,0.24,Brighton
Tariq Lamptey,gh GHA,"DF,FW",22,19,10,914,10.2,0,3,3,0,0,0,3,0,0.4,0.4,1.2,1.7,39,17,64,0,0.3,0.3,0,0.3,0.04,0.12,0.16,0.04,0.16,Brighton
Jack Hinshelwood,eng ENG,DF,18,12,8,869,9.7,3,0,3,3,0,0,1,0,1.9,1.9,0.7,2.5,16,19,38,0.31,0,0.31,0.31,0.31,0.19,0.07,0.26,0.19,0.26,Brighton
Solly March,eng ENG,"FW,DF",29,7,7,554,6.2,3,1,4,3,0,0,1,0,2,2,1,2.9,14,24,44,0.49,0.16,0.65,0.49,0.65,0.32,0.16,0.47,0.32,0.47,Brighton
Jakub Moder,pl POL,"MF,DF",24,17,6,618,6.9,0,0,0,0,0,0,2,0,0.6,0.6,0.8,1.3,10,23,26,0,0,0,0,0,0.08,0.11,0.2,0.08,0.2,Brighton
Mahmoud Dahoud,de GER,MF,27,9,6,452,5,0,1,1,0,0,0,1,1,0.2,0.2,0.9,1.1,4,11,6,0,0.2,0.2,0,0.2,0.04,0.18,0.22,0.04,0.22,Brighton
Julio Enciso,py PAR,"MF,FW",19,12,5,475,5.3,0,2,2,0,0,0,2,0,1.4,1.4,1.7,3.2,28,21,29,0,0.38,0.38,0,0.38,0.27,0.32,0.59,0.27,0.59,Brighton
Ansu Fati,es ESP,"MF,FW",20,19,3,521,5.8,2,0,2,2,0,0,2,0,3.4,3.4,0.8,4.2,16,28,50,0.35,0,0.35,0.35,0.35,0.59,0.14,0.73,0.59,0.73,Brighton
Valentín Barco,ar ARG,"DF,FW",19,6,3,307,3.4,0,0,0,0,0,0,1,0,0.2,0.2,0.2,0.4,8,14,20,0,0,0,0,0,0.05,0.07,0.13,0.05,0.13,Brighton
Odeluga Offiah,eng ENG,DF,20,4,1,128,1.4,0,0,0,0,0,0,0,0,0,0,0,0,9,4,9,0,0,0,0,0,0,0,0,0,0,Brighton
Mark O'Mahony,ie IRL,FW,18,3,1,63,0.7,0,0,0,0,0,0,1,0,0.1,0.1,0,0.1,0,0,0,0,0,0,0,0,0.08,0,0.08,0.08,0.08,Brighton
Benicio Boaitey,eng ENG,"FW,DF",19,5,0,40,0.4,0,0,0,0,0,0,1,0,0,0,0.1,0.1,1,2,2,0,0,0,0,0,0.05,0.13,0.19,0.05,0.19,Brighton
Illia Zabarnyi,ua UKR,DF,20,37,37,3330,37,1,0,1,1,0,0,5,0,1.1,1.1,0.4,1.5,24,109,1,0.03,0,0.03,0.03,0.03,0.03,0.01,0.04,0.03,0.04,Bournemouth
Dominic Solanke,eng ENG,FW,25,38,37,3325,36.9,19,3,22,17,2,3,3,0,19.6,17.2,3,20.3,52,60,184,0.51,0.08,0.6,0.46,0.54,0.53,0.08,0.61,0.47,0.55,Bournemouth
Ryan Christie,sct SCO,MF,28,37,35,2907,32.3,0,5,5,0,0,0,6,0,2.3,2.3,5.4,7.7,60,167,78,0,0.15,0.15,0,0.15,0.07,0.17,0.24,0.07,0.24,Bournemouth
Neto,br BRA,GK,34,32,32,2880,32,0,0,0,0,0,0,5,0,0,0,0,0,0,0,0,0,0,0,0,0,0,0,0,0,0,Bournemouth
Lewis Cook,eng ENG,MF,26,33,32,2786,31,0,3,3,0,0,0,5,1,0.4,0.4,4.3,4.6,22,142,15,0,0.1,0.1,0,0.1,0.01,0.14,0.15,0.01,0.15,Bournemouth
Marcos Senesi,ar ARG,DF,26,31,26,2242,24.9,4,5,9,4,0,0,13,0,2,2,1.7,3.7,31,127,4,0.16,0.2,0.36,0.16,0.36,0.08,0.07,0.15,0.08,0.15,Bournemouth
Justin Kluivert,nl NED,"MF,FW",24,32,26,1916,21.3,7,1,8,7,0,0,5,0,6.2,6.2,1.9,8.1,65,50,114,0.33,0.05,0.38,0.33,0.38,0.29,0.09,0.38,0.29,0.38,Bournemouth
Adam Smith,eng ENG,DF,32,28,25,2150,23.9,0,2,2,0,0,0,6,0,0.1,0.1,1.3,1.4,24,89,28,0,0.08,0.08,0,0.08,0,0.05,0.06,0,0.06,Bournemouth
Marcus Tavernier,eng ENG,FW,24,30,25,2118,23.5,3,4,7,3,0,0,3,0,3.9,3.9,5.2,9.1,79,84,171,0.13,0.17,0.3,0.13,0.3,0.17,0.22,0.39,0.17,0.39,Bournemouth
Antoine Semenyo,gh GHA,FW,23,33,25,2105,23.4,8,2,10,8,0,0,6,0,4.6,4.6,3.2,7.8,89,64,188,0.34,0.09,0.43,0.34,0.43,0.2,0.14,0.34,0.2,0.34,Bournemouth
Milos Kerkez,hu HUN,DF,19,28,22,1970,21.9,0,1,1,0,0,0,4,1,1.2,1.2,0.8,2,46,44,93,0,0.05,0.05,0,0.05,0.06,0.04,0.09,0.06,0.09,Bournemouth
Lloyd Kelly,eng ENG,DF,24,23,17,1559,17.3,0,1,1,0,0,0,2,0,0.3,0.3,1.2,1.6,15,56,28,0,0.06,0.06,0,0.06,0.02,0.07,0.09,0.02,0.09,Bournemouth
Philip Billing,dk DEN,MF,27,29,13,1398,15.5,2,2,4,2,0,0,3,1,2.5,2.5,3.2,5.7,22,53,63,0.13,0.13,0.26,0.13,0.26,0.16,0.21,0.36,0.16,0.36,Bournemouth
Max Aarons,eng ENG,DF,23,20,13,1237,13.7,0,1,1,0,0,0,1,0,0,0,0.8,0.9,22,43,26,0,0.07,0.07,0,0.07,0,0.06,0.06,0,0.06,Bournemouth
Dango Ouattara,bf BFA,"FW,DF",21,30,12,1229,13.7,1,2,3,1,0,0,3,0,2.6,2.6,1.5,4.1,47,35,90,0.07,0.15,0.22,0.07,0.22,0.19,0.11,0.3,0.19,0.3,Bournemouth
Alex Scott,eng ENG,MF,19,23,11,1014,11.3,1,1,2,1,0,0,3,0,0.7,0.7,1.7,2.4,24,50,35,0.09,0.09,0.18,0.09,0.18,0.06,0.15,0.22,0.06,0.22,Bournemouth
Luis Sinisterra,co COL,"FW,MF",24,20,7,699,7.8,2,2,4,2,0,0,0,0,2.5,2.5,2.4,5,51,38,85,0.26,0.26,0.52,0.26,0.52,0.33,0.31,0.64,0.33,0.64,Bournemouth
Chris Mepham,wls WAL,DF,25,10,6,617,6.9,0,1,1,0,0,0,2,0,0.1,0.1,0.4,0.5,4,25,1,0,0.15,0.15,0,0.15,0.01,0.06,0.07,0.01,0.07,Bournemouth
Mark Travers,ie IRL,GK,24,4,4,360,4,0,0,0,0,0,0,0,0,0,0,0,0,0,0,0,0,0,0,0,0,0,0,0,0,0,Bournemouth
Joe Rothwell,eng ENG,MF,28,11,3,386,4.3,0,0,0,0,0,0,0,0,0.1,0.1,0.2,0.3,6,20,3,0,0,0,0,0,0.02,0.06,0.08,0.02,0.08,Bournemouth
Enes Ünal,tr TUR,"FW,MF",26,16,2,328,3.6,2,2,4,2,0,0,1,0,2.9,2.9,1,3.9,4,7,28,0.55,0.55,1.1,0.55,1.1,0.8,0.28,1.07,0.8,1.07,Bournemouth
David Brooks,wls WAL,"FW,MF",26,13,2,282,3.1,1,1,2,1,0,0,1,0,2.2,2.2,1,3.2,8,21,27,0.32,0.32,0.64,0.32,0.64,0.7,0.33,1.03,0.7,1.03,Bournemouth
Ionuț Radu,ro ROU,GK,26,2,2,180,2,0,0,0,0,0,0,0,0,0,0,0,0,0,0,0,0,0,0,0,0,0,0,0,0,0,Bournemouth
Jaidon Anthony,eng ENG,FW,23,3,2,152,1.7,0,0,0,0,0,0,1,0,0.1,0.1,0,0.1,2,8,9,0,0,0,0,0,0.04,0,0.04,0.04,0.04,Bournemouth
Tyler Adams,us USA,MF,24,3,1,121,1.3,0,0,0,0,0,0,0,0,0,0,0.1,0.1,4,5,1,0,0,0,0,0,0,0.06,0.06,0,0.06,Bournemouth
James Hill,eng ENG,DF,21,5,1,76,0.8,0,0,0,0,0,0,0,0,0,0,0,0,0,5,1,0,0,0,0,0,0,0,0,0,0,Bournemouth
Kieffer Moore,wls WAL,"FW,MF",30,8,0,108,1.2,1,0,1,1,0,0,0,0,1.5,1.5,0.2,1.7,2,4,15,0.83,0,0.83,0.83,0.83,1.23,0.2,1.44,1.23,1.44,Bournemouth
Hamed Junior Traorè,ci CIV,MF,23,3,0,47,0.5,0,0,0,0,0,0,0,0,0.2,0.2,0,0.2,2,3,4,0,0,0,0,0,0.34,0.07,0.41,0.34,0.41,Bournemouth
Romain Faivre,fr FRA,"MF,FW",25,5,0,41,0.5,0,0,0,0,0,0,1,0,0.2,0.2,0,0.2,4,5,4,0,0,0,0,0,0.34,0,0.34,0.34,0.34,Bournemouth
Dominic Sadi,eng ENG,FW,19,1,0,1,0,0,0,0,0,0,0,0,0,0,0,0,0,0,0,0,0,0,0,0,0,0,0,0,0,0,Bournemouth
Max Kilman,eng ENG,DF,26,38,38,3420,38,2,0,2,2,0,0,7,0,1.8,1.8,1.4,3.2,22,117,5,0.05,0,0.05,0.05,0.05,0.05,0.04,0.08,0.05,0.08,Wolverhampton
Nélson Semedo,pt POR,"DF,MF",29,36,36,3084,34.3,0,1,1,0,0,0,10,1,1.3,1.3,1.7,3,103,138,150,0,0.03,0.03,0,0.03,0.04,0.05,0.09,0.04,0.09,Wolverhampton
José Sá,pt POR,GK,30,35,35,3037,33.7,0,1,1,0,0,0,1,0,0,0,0,0,0,1,0,0,0.03,0.03,0,0.03,0,0,0,0,0,Wolverhampton
Mario Lemina,ga GAB,MF,29,35,34,2968,33,4,1,5,4,0,0,12,1,4.6,4.6,1.5,6.2,32,76,49,0.12,0.03,0.15,0.12,0.15,0.14,0.05,0.19,0.14,0.19,Wolverhampton
João Gomes,br BRA,MF,22,34,32,2649,29.4,2,1,3,2,0,0,11,0,1.7,1.7,1.1,2.8,28,101,44,0.07,0.03,0.1,0.07,0.1,0.06,0.04,0.1,0.06,0.1,Wolverhampton
Toti Gomes,pt POR,DF,24,35,31,2772,30.8,1,3,4,1,0,0,7,0,1.6,1.6,1.2,2.8,22,79,11,0.03,0.1,0.13,0.03,0.13,0.05,0.04,0.09,0.05,0.09,Wolverhampton
Matheus Cunha,br BRA,"FW,MF",24,32,29,2440,27.1,12,7,19,11,1,1,9,0,9.5,8.7,3.2,11.9,107,87,139,0.44,0.26,0.7,0.41,0.66,0.35,0.12,0.47,0.32,0.44,Wolverhampton
Rayan Aït-Nouri,dz ALG,"DF,MF",22,33,29,2329,25.9,2,1,3,2,0,0,7,0,3.3,3.3,2.4,5.6,67,99,99,0.08,0.04,0.12,0.08,0.12,0.13,0.09,0.22,0.13,0.22,Wolverhampton
Craig Dawson,eng ENG,DF,33,25,25,2209,24.5,1,1,2,1,0,0,7,0,1.5,1.5,1.4,2.9,1,49,4,0.04,0.04,0.08,0.04,0.08,0.06,0.06,0.12,0.06,0.12,Wolverhampton
Hwang Hee-chan,kr KOR,"FW,MF",27,29,25,2119,23.5,12,3,15,11,1,1,6,0,7.7,6.9,3,9.9,37,37,120,0.51,0.13,0.64,0.47,0.59,0.33,0.13,0.45,0.29,0.42,Wolverhampton
Pablo Sarabia,es ESP,"MF,FW",31,30,20,1745,19.4,4,7,11,2,2,2,5,0,5.5,3.9,5.9,9.8,41,109,137,0.21,0.36,0.57,0.1,0.46,0.28,0.3,0.59,0.2,0.5,Wolverhampton
Pedro Neto,pt POR,"FW,MF",23,20,18,1516,16.8,2,9,11,2,0,0,4,0,3.5,3.5,4.4,7.9,98,54,149,0.12,0.53,0.65,0.12,0.65,0.21,0.26,0.47,0.21,0.47,Wolverhampton
Tommy Doyle,eng ENG,MF,21,26,11,1222,13.6,0,0,0,0,0,0,2,0,0.4,0.4,0.4,0.9,21,81,17,0,0,0,0,0,0.03,0.03,0.06,0.03,0.06,Wolverhampton
Jean-Ricner Bellegarde,fr FRA,"MF,FW",25,22,10,958,10.6,2,1,3,2,0,0,0,1,1.6,1.6,1,2.5,30,39,49,0.19,0.09,0.28,0.19,0.28,0.15,0.09,0.24,0.15,0.24,Wolverhampton
Matt Doherty,ie IRL,"DF,MF",31,30,9,1150,12.8,1,0,1,1,0,0,2,0,0.8,0.8,1.3,2.2,12,31,64,0.08,0,0.08,0.08,0.08,0.07,0.1,0.17,0.07,0.17,Wolverhampton
Santiago Bueno,uy URU,DF,24,12,9,822,9.1,0,0,0,0,0,0,1,0,0,0,0.1,0.1,3,11,2,0,0,0,0,0,0,0.01,0.01,0,0.01,Wolverhampton
Boubacar Traoré,ml MLI,MF,21,24,7,819,9.1,0,0,0,0,0,0,4,0,0.3,0.3,0.4,0.7,9,29,15,0,0,0,0,0,0.03,0.04,0.07,0.03,0.07,Wolverhampton
Hugo Bueno,es ESP,"DF,MF",20,22,7,741,8.2,0,0,0,0,0,0,1,0,0.3,0.3,0.8,1,22,8,40,0,0,0,0,0,0.03,0.09,0.13,0.03,0.13,Wolverhampton
Daniel Bentley,eng ENG,GK,30,5,3,383,4.3,0,0,0,0,0,0,0,0,0,0,0,0,0,0,0,0,0,0,0,0,0,0,0,0,0,Wolverhampton
Fábio Silva,pt POR,FW,21,8,3,264,2.9,0,0,0,0,0,0,2,0,1,1,0.2,1.2,5,10,13,0,0,0,0,0,0.35,0.07,0.42,0.35,0.42,Wolverhampton
Matheus Nunes,pt POR,MF,24,2,2,179,2,0,0,0,0,0,0,2,1,0.1,0.1,0.1,0.2,7,8,9,0,0,0,0,0,0.04,0.05,0.09,0.04,0.09,Wolverhampton
Leon Chiwome,eng ENG,FW,17,3,2,174,1.9,0,0,0,0,0,0,0,0,0.1,0.1,0,0.1,1,2,7,0,0,0,0,0,0.05,0,0.05,0.05,0.05,Wolverhampton
Nathan Fraser,ie IRL,FW,18,7,1,186,2.1,0,0,0,0,0,0,1,0,0.3,0.3,0.1,0.4,1,2,21,0,0,0,0,0,0.16,0.04,0.19,0.16,0.19,Wolverhampton
Sasa Kalajdzic,at AUT,FW,26,11,1,166,1.8,2,0,2,2,0,0,0,0,1.1,1.1,1,2,1,5,9,1.08,0,1.08,1.08,1.08,0.57,0.52,1.09,0.57,1.09,Wolverhampton
Tawanda Chirewa,zw ZIM,"MF,FW",19,8,1,145,1.6,0,0,0,0,0,0,1,0,0.2,0.2,0,0.2,1,7,8,0,0,0,0,0,0.1,0.02,0.12,0.1,0.12,Wolverhampton
Jonny Castro,es ESP,MF,29,1,0,5,0.1,0,0,0,0,0,0,0,0,0,0,0,0,0,0,0,0,0,0,0,0,0,0,0,0,0,Wolverhampton
Enso Gonzalez,py PAR,"MF,DF",18,1,0,1,0,0,0,0,0,0,0,0,0,0,0,0,0,0,0,2,0,0,0,0,0,0,0,0,0,0,Wolverhampton
Mark Flekken,nl NED,GK,30,37,37,3285,36.5,0,1,1,0,0,0,3,0,0,0,0.5,0.5,0,5,0,0,0.03,0.03,0,0.03,0,0.01,0.01,0,0.01,Brentford
Vitaly Janelt,de GER,"MF,DF",25,38,37,3054,33.9,1,3,4,1,0,0,8,0,1.8,1.8,4.8,6.5,25,123,81,0.03,0.09,0.12,0.03,0.12,0.05,0.14,0.19,0.05,0.19,Brentford
Christian Nørgaard,dk DEN,MF,29,31,30,2505,27.8,2,1,3,2,0,0,8,0,3.5,3.5,1.9,5.4,15,161,42,0.07,0.04,0.11,0.07,0.11,0.12,0.07,0.19,0.12,0.19,Brentford
Nathan Collins,ie IRL,DF,22,32,29,2652,29.5,1,1,2,1,0,0,3,0,1.7,1.7,2.2,3.9,11,97,18,0.03,0.03,0.07,0.03,0.07,0.06,0.07,0.13,0.06,0.13,Brentford
Yoane Wissa,cd COD,FW,26,34,29,2493,27.7,12,3,15,12,0,0,7,0,10.6,10.6,3.9,14.5,45,48,150,0.43,0.11,0.54,0.43,0.54,0.38,0.14,0.52,0.38,0.52,Brentford
Ethan Pinnock,jm JAM,DF,30,29,28,2521,28,2,0,2,2,0,0,1,0,2,2,1,3,11,61,16,0.07,0,0.07,0.07,0.07,0.07,0.04,0.11,0.07,0.11,Brentford
Mathias Jensen,dk DEN,MF,27,32,27,2204,24.5,3,3,6,3,0,0,5,0,0.7,0.7,4,4.7,19,123,66,0.12,0.12,0.25,0.12,0.25,0.03,0.16,0.19,0.03,0.19,Brentford
Mads Roerslev,dk DEN,DF,24,34,22,1985,22.1,1,2,3,1,0,0,1,0,0.9,0.9,1.8,2.7,18,43,90,0.05,0.09,0.14,0.05,0.14,0.04,0.08,0.12,0.04,0.12,Brentford
Bryan Mbeumo,cm CMR,FW,23,25,22,1960,21.8,9,6,15,6,3,3,2,0,9.8,7.4,4.6,12.1,74,88,195,0.41,0.28,0.69,0.28,0.55,0.45,0.21,0.66,0.34,0.55,Brentford
Kristoffer Ajer,no NOR,DF,25,28,21,1832,20.4,2,1,3,2,0,0,5,0,1.3,1.3,2.3,3.6,22,61,31,0.1,0.05,0.15,0.1,0.15,0.06,0.11,0.18,0.06,0.18,Brentford
Ivan Toney,eng ENG,FW,27,17,16,1450,16.1,4,2,6,4,0,0,5,0,6,6,1.5,7.4,23,40,98,0.25,0.12,0.37,0.25,0.37,0.37,0.09,0.46,0.37,0.46,Brentford
Keane Lewis-Potter,eng ENG,"FW,DF",22,30,15,1441,16,3,1,4,3,0,0,0,0,6.3,6.3,1.7,8,56,32,135,0.19,0.06,0.25,0.19,0.25,0.39,0.11,0.5,0.39,0.5,Brentford
Ben Mee,eng ENG,DF,33,16,15,1272,14.1,2,0,2,2,0,0,1,1,1.5,1.5,0.3,1.8,11,49,9,0.14,0,0.14,0.14,0.14,0.1,0.02,0.13,0.1,0.13,Brentford
Sergio Reguilón,es ESP,DF,26,16,14,1118,12.4,0,4,4,0,0,0,4,1,0.8,0.8,2.8,3.6,34,38,40,0,0.32,0.32,0,0.32,0.06,0.23,0.29,0.06,0.29,Brentford
Neal Maupay,fr FRA,FW,26,29,13,1321,14.7,6,3,9,6,0,0,8,0,5.7,5.7,2.3,8.1,21,37,91,0.41,0.2,0.61,0.41,0.61,0.39,0.16,0.55,0.39,0.55,Brentford
Mathias Jørgensen,dk DEN,DF,33,14,12,1087,12.1,1,0,1,1,0,0,4,0,0.7,0.7,0.9,1.7,5,50,4,0.08,0,0.08,0.08,0.08,0.06,0.08,0.14,0.06,0.14,Brentford
Frank Onyeka,ng NGA,MF,25,26,11,1161,12.9,1,2,3,1,0,0,8,0,2.2,2.2,1.8,4,17,33,39,0.08,0.16,0.23,0.08,0.23,0.17,0.14,0.31,0.17,0.31,Brentford
Aaron Hickey,sct SCO,DF,21,9,9,713,7.9,0,0,0,0,0,0,5,0,0.2,0.2,0.1,0.3,9,21,13,0,0,0,0,0,0.03,0.01,0.04,0.03,0.04,Brentford
Mikkel Damsgaard,dk DEN,MF,23,23,7,842,9.4,0,2,2,0,0,0,2,0,0.9,0.9,1.4,2.4,16,61,32,0,0.21,0.21,0,0.21,0.1,0.16,0.25,0.1,0.25,Brentford
Saman Ghoddos,ir IRN,DF,29,19,7,739,8.2,1,0,1,1,0,0,5,0,0.3,0.3,1.1,1.4,22,36,31,0.12,0,0.12,0.12,0.12,0.04,0.13,0.17,0.04,0.17,Brentford
Yehor Yarmoliuk,ua UKR,MF,19,27,6,688,7.6,0,0,0,0,0,0,2,0,1,1,0.1,1.1,13,35,36,0,0,0,0,0,0.13,0.01,0.14,0.13,0.14,Brentford
Rico Henry,eng ENG,DF,26,5,5,401,4.5,0,1,1,0,0,0,1,0,0.1,0.1,1,1.1,13,20,12,0,0.22,0.22,0,0.22,0.02,0.22,0.24,0.02,0.24,Brentford
Kevin Schade,de GER,"FW,MF",21,11,3,333,3.7,2,1,3,2,0,0,0,0,1.2,1.2,0.7,1.9,8,9,23,0.54,0.27,0.81,0.54,0.81,0.32,0.19,0.52,0.32,0.52,Brentford
Shandon Baptiste,gd GRN,MF,25,10,2,229,2.5,1,1,2,1,0,0,1,0,0.9,0.9,0.2,1.1,3,5,1,0.39,0.39,0.79,0.39,0.79,0.35,0.08,0.43,0.35,0.43,Brentford
Thomas Strakosha,al ALB,GK,28,2,1,135,1.5,0,0,0,0,0,0,0,0,0,0,0,0,0,0,0,0,0,0,0,0,0,0,0,0,0,Brentford
Michael Olakigbe,eng ENG,"DF,FW",19,8,0,59,0.7,0,0,0,0,0,0,0,0,0.1,0.1,0,0.1,10,4,17,0,0,0,0,0,0.18,0,0.18,0.18,0.18,Brentford
Josh Dasilva,eng ENG,"DF,FW",24,3,0,24,0.3,0,0,0,0,0,0,0,0,0,0,0.2,0.2,2,2,5,0,0,0,0,0,0,0.72,0.72,0,0.72,Brentford
Myles Peart-Harris,eng ENG,"DF,MF",20,3,0,13,0.1,0,0,0,0,0,0,0,0,0,0,0,0,2,1,1,0,0,0,0,0,0,0.12,0.12,0,0.12,Brentford
Morgan Gibbs-White,eng ENG,"MF,FW",23,37,35,3156,35.1,5,10,15,4,1,1,9,0,6.9,6.1,8.4,14.6,80,170,181,0.14,0.29,0.43,0.11,0.4,0.2,0.24,0.44,0.17,0.42,Nottingham Forest
Murillo,br BRA,DF,21,32,32,2789,31,0,2,2,0,0,0,5,0,1.8,1.8,1.2,3,22,89,7,0,0.06,0.06,0,0.06,0.06,0.04,0.1,0.06,0.1,Nottingham Forest
Anthony Elanga,se SWE,"FW,MF",21,36,25,2433,27,5,9,14,5,0,0,1,0,6.6,6.6,6.7,13.3,98,49,196,0.18,0.33,0.52,0.18,0.52,0.24,0.25,0.49,0.24,0.49,Nottingham Forest
Ryan Yates,eng ENG,MF,25,35,21,1992,22.1,1,1,2,1,0,0,6,0,2.6,2.6,0.8,3.5,18,73,37,0.05,0.05,0.09,0.05,0.09,0.12,0.04,0.16,0.12,0.16,Nottingham Forest
Callum Hudson-Odoi,eng ENG,"FW,MF",22,29,20,1854,20.6,8,1,9,8,0,0,0,0,2.7,2.7,2.8,5.5,111,58,171,0.39,0.05,0.44,0.39,0.44,0.13,0.14,0.27,0.13,0.27,Nottingham Forest
Chris Wood,nz NZL,FW,31,31,20,1812,20.1,14,1,15,14,0,0,0,0,11.9,11.9,2.1,14,16,30,76,0.7,0.05,0.75,0.7,0.75,0.59,0.1,0.7,0.59,0.7,Nottingham Forest
Danilo,br BRA,MF,22,29,20,1792,19.9,2,2,4,2,0,0,4,0,1.8,1.8,1.5,3.4,22,83,28,0.1,0.1,0.2,0.1,0.2,0.09,0.08,0.17,0.09,0.17,Nottingham Forest
Ola Aina,ng NGA,DF,26,22,20,1692,18.8,1,1,2,1,0,0,3,0,0.3,0.3,0.9,1.2,53,68,38,0.05,0.05,0.11,0.05,0.11,0.01,0.05,0.06,0.01,0.06,Nottingham Forest
Orel Mangala,be BEL,MF,25,20,19,1563,17.4,1,0,1,1,0,0,6,0,0.8,0.8,0.2,1.1,13,45,14,0.06,0,0.06,0.06,0.06,0.05,0.01,0.06,0.05,0.06,Nottingham Forest
Nicolás Domínguez,ar ARG,"MF,FW",25,26,19,1495,16.6,2,2,4,2,0,0,4,0,1.3,1.3,1,2.3,14,91,43,0.12,0.12,0.24,0.12,0.24,0.08,0.06,0.14,0.08,0.14,Nottingham Forest
Neco Williams,wls WAL,DF,22,26,18,1637,18.2,0,1,1,0,0,0,4,0,0.8,0.8,1.6,2.5,48,47,86,0,0.05,0.05,0,0.05,0.04,0.09,0.13,0.04,0.13,Nottingham Forest
Willy Boly,ci CIV,DF,32,20,18,1438,16,2,1,3,2,0,0,3,1,1.5,1.5,1.3,2.8,4,32,3,0.13,0.06,0.19,0.13,0.19,0.09,0.08,0.18,0.09,0.18,Nottingham Forest
Matt Turner,us USA,GK,29,17,17,1530,17,0,0,0,0,0,0,2,0,0,0,0,0,0,0,0,0,0,0,0,0,0,0,0,0,0,Nottingham Forest
Matz Sels,be BEL,GK,31,16,16,1440,16,0,0,0,0,0,0,1,0,0,0,0.1,0.1,0,0,0,0,0,0,0,0,0,0,0,0,0,Nottingham Forest
Moussa Niakhate,sn SEN,DF,27,21,15,1460,16.2,1,0,1,1,0,0,5,1,1.1,1.1,0.1,1.2,13,39,6,0.06,0,0.06,0.06,0.06,0.07,0.01,0.08,0.07,0.08,Nottingham Forest
Harry Toffolo,eng ENG,DF,27,23,15,1459,16.2,1,3,4,1,0,0,3,0,1.6,1.6,1.5,3.2,10,42,34,0.06,0.19,0.25,0.06,0.25,0.1,0.1,0.2,0.1,0.2,Nottingham Forest
Ibrahim Sangaré,ci CIV,MF,25,17,13,1035,11.5,0,0,0,0,0,0,6,0,0.6,0.6,0.4,1,5,44,7,0,0,0,0,0,0.06,0.03,0.09,0.06,0.09,Nottingham Forest
Taiwo Awoniyi,ng NGA,FW,25,20,12,1042,11.6,6,3,9,6,0,0,2,0,4.7,4.7,1.7,6.4,8,14,45,0.52,0.26,0.78,0.52,0.78,0.41,0.15,0.56,0.41,0.56,Nottingham Forest
Serge Aurier,ci CIV,"DF,MF",30,12,10,833,9.3,0,2,2,0,0,0,2,0,0.2,0.2,0.5,0.6,10,47,29,0,0.22,0.22,0,0.22,0.02,0.05,0.07,0.02,0.07,Nottingham Forest
Gonzalo Montiel,ar ARG,DF,26,14,8,801,8.9,0,2,2,0,0,0,5,0,0.1,0.1,1.4,1.5,10,28,32,0,0.22,0.22,0,0.22,0.01,0.15,0.17,0.01,0.17,Nottingham Forest
Andrew Omobamidele,ie IRL,DF,21,11,8,783,8.7,0,0,0,0,0,0,2,0,0.1,0.1,0.1,0.2,1,8,0,0,0,0,0,0,0.02,0.01,0.03,0.02,0.03,Nottingham Forest
Divock Origi,be BEL,FW,28,20,6,606,6.7,0,1,1,0,0,0,1,0,1.4,1.4,2.1,3.5,19,14,41,0,0.15,0.15,0,0.15,0.21,0.31,0.51,0.21,0.51,Nottingham Forest
Nuno Tavares,pt POR,DF,23,8,5,457,5.1,0,0,0,0,0,0,2,0,0.2,0.2,0.5,0.7,14,24,12,0,0,0,0,0,0.03,0.1,0.13,0.03,0.13,Nottingham Forest
Odisseas Vlachodimos,gr GRE,GK,29,5,5,450,5,0,0,0,0,0,0,0,0,0,0,0,0,0,1,0,0,0,0,0,0,0,0.01,0.01,0,0.01,Nottingham Forest
Joe Worrall,eng ENG,DF,26,7,5,439,4.9,0,0,0,0,0,0,0,1,0.1,0.1,0.2,0.3,0,8,1,0,0,0,0,0,0.02,0.04,0.06,0.02,0.06,Nottingham Forest
Scott McKenna,sct SCO,DF,26,5,5,416,4.6,0,0,0,0,0,0,0,0,0.2,0.2,0.2,0.4,1,10,0,0,0,0,0,0,0.05,0.04,0.08,0.05,0.08,Nottingham Forest
Felipe,br BRA,DF,34,7,4,375,4.2,0,0,0,0,0,0,4,0,0.1,0.1,0.1,0.2,1,6,0,0,0,0,0,0,0.03,0.01,0.04,0.03,0.04,Nottingham Forest
Brennan Johnson,wls WAL,"FW,MF",22,3,3,237,2.6,0,0,0,0,0,0,0,0,0.3,0.3,0.2,0.5,8,1,14,0,0,0,0,0,0.12,0.08,0.21,0.12,0.21,Nottingham Forest
Gio Reyna,us USA,"FW,MF",20,9,2,235,2.6,0,1,1,0,0,0,0,0,0.3,0.3,0.5,0.8,3,12,14,0,0.38,0.38,0,0.38,0.11,0.18,0.29,0.11,0.29,Nottingham Forest
Cheikhou Kouyaté,sn SEN,MF,33,12,2,212,2.4,0,0,0,0,0,0,2,0,0.3,0.3,0,0.3,0,5,5,0,0,0,0,0,0.12,0.02,0.14,0.12,0.14,Nottingham Forest
Rodrigo Ribeiro,pt POR,"MF,FW",18,4,0,17,0.2,0,0,0,0,0,0,0,0,0,0,0,0,2,2,1,0,0,0,0,0,0,0,0,0,0,Nottingham Forest
Andrey Santos,br BRA,MF,19,1,0,8,0.1,0,0,0,0,0,0,0,0,0.1,0.1,0,0.1,0,0,0,0,0,0,0,0,0.64,0,0.64,0.64,0.64,Nottingham Forest
Brandon Aguilera,cr CRC,FW,20,1,0,5,0.1,0,0,0,0,0,0,0,0,0,0,0,0,0,0,1,0,0,0,0,0,0,0,0,0,0,Nottingham Forest
Thomas Kaminski,be BEL,GK,30,38,38,3405,37.8,0,0,0,0,0,0,3,0,0,0,0,0,0,1,0,0,0,0,0,0,0,0,0,0,0,Luton Town
Alfie Doughty,eng ENG,DF,23,37,34,2925,32.5,2,8,10,2,0,0,5,0,1.3,1.3,6.3,7.6,94,106,164,0.06,0.25,0.31,0.06,0.31,0.04,0.19,0.23,0.04,0.23,Luton Town
Carlton Morris,eng ENG,"FW,MF",27,38,32,2862,31.8,11,4,15,6,5,5,4,0,11.4,7.5,2.8,10.2,37,56,120,0.35,0.13,0.47,0.19,0.31,0.36,0.09,0.45,0.23,0.32,Luton Town
Ross Barkley,eng ENG,MF,29,32,30,2618,29.1,5,4,9,5,0,0,6,0,4.1,4.1,3.7,7.9,48,163,39,0.17,0.14,0.31,0.17,0.31,0.14,0.13,0.27,0.14,0.27,Luton Town
Teden Mengi,eng ENG,DF,21,30,28,2469,27.4,1,0,1,1,0,0,3,0,0.6,0.6,0.3,0.9,15,54,1,0.04,0,0.04,0.04,0.04,0.02,0.01,0.03,0.02,0.03,Luton Town
Gabriel Osho,ng NGA,DF,24,21,21,1846,20.5,2,0,2,2,0,0,3,0,1.1,1.1,0.1,1.2,10,37,4,0.1,0,0.1,0.1,0.1,0.05,0.01,0.06,0.05,0.06,Luton Town
Issa Kaboré,bf BFA,DF,22,24,21,1729,19.2,0,2,2,0,0,0,7,0,0.2,0.2,2.1,2.3,60,54,85,0,0.1,0.1,0,0.1,0.01,0.11,0.12,0.01,0.12,Luton Town
Amari'i Bell,jm JAM,DF,29,21,21,1720,19.1,0,0,0,0,0,0,0,0,0.3,0.3,0.5,0.7,32,76,10,0,0,0,0,0,0.01,0.02,0.04,0.01,0.04,Luton Town
Chiedozie Ogbene,ie IRL,"MF,DF",26,30,20,1995,22.2,4,1,5,4,0,0,1,0,4.2,4.2,3.1,7.4,127,53,150,0.18,0.05,0.23,0.18,0.23,0.19,0.14,0.33,0.19,0.33,Luton Town
Tahith Chong,nl NED,"MF,FW",23,33,20,1982,22,4,0,4,4,0,0,4,0,2.7,2.7,0.5,3.2,57,72,101,0.18,0,0.18,0.18,0.18,0.12,0.02,0.15,0.12,0.15,Luton Town
Reece Burke,eng ENG,DF,26,22,20,1660,18.4,0,4,4,0,0,0,5,0,1.3,1.3,1.4,2.7,11,67,14,0,0.22,0.22,0,0.22,0.07,0.07,0.15,0.07,0.15,Luton Town
Elijah Adebayo,eng ENG,FW,25,27,16,1419,15.8,10,0,10,10,0,0,1,0,5.9,5.9,0.7,6.6,16,23,110,0.63,0,0.63,0.63,0.63,0.37,0.04,0.42,0.37,0.42,Luton Town
Albert Sambi Lokonga,be BEL,MF,23,17,16,1303,14.5,1,3,4,1,0,0,4,0,0.6,0.6,1.4,2,29,72,13,0.07,0.21,0.28,0.07,0.28,0.04,0.1,0.14,0.04,0.14,Luton Town
Jordan Clark,eng ENG,MF,29,23,14,1304,14.5,1,1,2,1,0,0,4,0,1,1,1.3,2.2,21,51,39,0.07,0.07,0.14,0.07,0.14,0.07,0.09,0.16,0.07,0.16,Luton Town
Andros Townsend,eng ENG,"MF,FW",32,27,14,1210,13.4,1,3,4,1,0,0,1,0,1.2,1.2,1.3,2.5,47,35,71,0.07,0.22,0.3,0.07,0.3,0.09,0.1,0.19,0.09,0.19,Luton Town
Tom Lockyer,wls WAL,DF,28,14,14,1169,13,1,1,2,1,0,0,4,0,1.1,1.1,0.6,1.7,6,37,2,0.08,0.08,0.15,0.08,0.15,0.08,0.05,0.13,0.08,0.13,Luton Town
Marvelous Nakamba,zw ZIM,MF,29,13,13,1130,12.6,0,0,0,0,0,0,5,0,0.2,0.2,0.4,0.6,1,36,5,0,0,0,0,0,0.01,0.03,0.05,0.01,0.05,Luton Town
Jacob Brown,sct SCO,"MF,FW",25,19,12,1019,11.3,2,0,2,2,0,0,4,0,2.8,2.8,0.7,3.4,25,19,53,0.18,0,0.18,0.18,0.18,0.25,0.06,0.3,0.25,0.3,Luton Town
Pelly Ruddock Mpanzu,cd COD,MF,30,27,11,1101,12.2,0,0,0,0,0,0,1,0,0.6,0.6,0.4,1.1,10,34,15,0,0,0,0,0,0.05,0.04,0.09,0.05,0.09,Luton Town
Daiki Hashioka,jp JPN,DF,24,10,6,595,6.6,0,0,0,0,0,0,0,0,0.1,0.1,0.7,0.8,3,21,16,0,0,0,0,0,0.02,0.1,0.12,0.02,0.12,Luton Town
Ryan John Giles,eng ENG,"DF,MF",23,11,5,503,5.6,0,0,0,0,0,0,0,0,0.1,0.1,0.2,0.3,9,17,30,0,0,0,0,0,0.02,0.04,0.06,0.02,0.06,Luton Town
Fred Onyedinma,eng ENG,"DF,MF",26,8,4,407,4.5,0,0,0,0,0,0,1,0,0.2,0.2,0.1,0.3,9,6,21,0,0,0,0,0,0.04,0.02,0.06,0.04,0.06,Luton Town
Mads Juel Andersen,dk DEN,DF,25,8,4,400,4.4,1,0,1,1,0,0,1,0,0.3,0.3,0,0.3,0,7,1,0.23,0,0.23,0.23,0.23,0.06,0,0.06,0.06,0.06,Luton Town
Cauley Woodrow,eng ENG,"FW,MF",28,24,2,427,4.7,1,1,2,1,0,0,2,0,1.4,1.4,1.2,2.6,7,6,22,0.21,0.21,0.42,0.21,0.42,0.3,0.25,0.55,0.3,0.55,Luton Town
Luke Berry,eng ENG,"MF,DF",31,17,2,323,3.6,2,1,3,2,0,0,1,0,1,1,0.3,1.3,1,8,7,0.56,0.28,0.84,0.56,0.84,0.28,0.07,0.35,0.28,0.35,Luton Town
Joseph Johnson,eng ENG,DF,17,2,0,77,0.9,0,0,0,0,0,0,1,0,0,0,0,0,0,2,1,0,0,0,0,0,0,0,0,0,0,Luton Town
James Shea,eng ENG,GK,32,1,0,15,0.2,0,0,0,0,0,0,0,0,0,0,0,0,0,0,0,0,0,0,0,0,0,0,0,0,0,Luton Town
Zack Nelson,eng ENG,"MF,DF",18,2,0,7,0.1,0,0,0,0,0,0,0,0,0,0,0,0,0,0,0,0,0,0,0,0,0,0,0,0,0,Luton Town
Sander Berge,no NOR,MF,25,37,34,3005,33.4,1,2,3,1,0,0,10,1,1.9,1.9,2.4,4.3,64,164,29,0.03,0.06,0.09,0.03,0.09,0.06,0.07,0.13,0.06,0.13,Burnley
Dara O'Shea,ie IRL,DF,24,33,32,2892,32.1,3,4,7,3,0,0,5,1,0.7,0.7,2,2.7,32,122,10,0.09,0.12,0.22,0.09,0.22,0.02,0.06,0.08,0.02,0.08,Burnley
James Trafford,eng ENG,GK,20,28,28,2520,28,0,0,0,0,0,0,2,0,0,0,0,0,0,6,0,0,0,0,0,0,0,0,0,0,0,Burnley
Zeki Amdouni,ch SUI,FW,22,34,27,1953,21.7,5,1,6,4,1,1,2,0,5.8,5,1.4,6.5,63,49,93,0.23,0.05,0.28,0.18,0.23,0.27,0.07,0.33,0.23,0.3,Burnley
Vitinho,br BRA,"DF,MF",24,32,26,2314,25.7,0,2,2,0,0,0,1,0,1.6,1.6,1.3,2.9,59,66,110,0,0.08,0.08,0,0.08,0.06,0.05,0.11,0.06,0.11,Burnley
Charlie Taylor,eng ENG,DF,29,28,25,2331,25.9,1,1,2,1,0,0,8,0,0.2,0.2,1.2,1.5,36,82,81,0.04,0.04,0.08,0.04,0.08,0.01,0.05,0.06,0.01,0.06,Burnley
Wilson Odobert,fr FRA,"MF,FW",18,29,25,2098,23.3,3,2,5,3,0,0,3,0,2.8,2.8,3.3,6.1,102,58,123,0.13,0.09,0.21,0.13,0.21,0.12,0.14,0.26,0.12,0.26,Burnley
Josh Brownhill,eng ENG,MF,27,33,23,2252,25,4,2,6,4,0,0,4,1,1.9,1.9,2.1,4,19,90,36,0.16,0.08,0.24,0.16,0.24,0.08,0.08,0.16,0.08,0.16,Burnley
Josh Cullen,ie IRL,MF,27,25,23,2057,22.9,2,3,5,2,0,0,9,0,0.6,0.6,1.8,2.4,22,123,22,0.09,0.13,0.22,0.09,0.22,0.03,0.08,0.11,0.03,0.11,Burnley
Lyle Foster,za RSA,"FW,MF",22,24,22,1899,21.1,5,3,8,5,0,0,0,1,4.5,4.5,1.9,6.4,55,37,104,0.24,0.14,0.38,0.24,0.38,0.21,0.09,0.3,0.21,0.3,Burnley
Jacob Bruun Larsen,dk DEN,"MF,FW",24,32,16,1249,13.9,6,0,6,5,1,1,1,0,5,4.2,1.5,5.7,61,38,146,0.43,0,0.43,0.36,0.36,0.36,0.1,0.46,0.3,0.41,Burnley
Maxime Estève,fr FRA,DF,21,16,15,1309,14.5,0,0,0,0,0,0,6,0,0.3,0.3,0,0.3,15,40,3,0,0,0,0,0,0.02,0,0.02,0.02,0.02,Burnley
Lorenz Assignon,tg TOG,DF,23,15,15,1234,13.7,1,2,3,1,0,0,5,1,0.4,0.4,2.6,3,38,34,57,0.07,0.15,0.22,0.07,0.22,0.03,0.19,0.22,0.03,0.22,Burnley
Jordan Beyer,de GER,DF,23,15,15,1234,13.7,0,1,1,0,0,0,6,0,0.5,0.5,0.3,0.8,9,25,1,0,0.07,0.07,0,0.07,0.04,0.02,0.06,0.04,0.06,Burnley
Luca Koleosho,it ITA,"MF,FW",18,15,13,974,10.8,1,1,2,1,0,0,0,0,2,2,1.3,3.3,53,19,82,0.09,0.09,0.18,0.09,0.18,0.18,0.12,0.3,0.18,0.3,Burnley
Jóhann Berg Guðmundsson,is ISL,"MF,FW",32,26,12,1192,13.2,1,3,4,1,0,0,2,0,1.9,1.9,2.7,4.5,13,59,69,0.08,0.23,0.3,0.08,0.3,0.14,0.2,0.34,0.14,0.34,Burnley
Ameen Al-Dakhil,be BEL,DF,21,13,12,1056,11.7,1,0,1,1,0,0,1,0,1.3,1.3,0.1,1.4,7,35,9,0.09,0,0.09,0.09,0.09,0.11,0.01,0.12,0.11,0.12,Burnley
Arijanet Muric,xk KVX,GK,24,10,10,900,10,0,0,0,0,0,0,0,0,0,0,0.2,0.2,0,1,0,0,0,0,0,0,0,0.02,0.02,0,0.02,Burnley
David Datro Fofana,ci CIV,FW,20,15,10,879,9.8,4,1,5,4,0,0,1,0,4.5,4.5,1.8,6.4,21,15,39,0.41,0.1,0.51,0.41,0.51,0.46,0.19,0.65,0.46,0.65,Burnley
Connor Roberts,wls WAL,DF,27,14,8,823,9.1,0,1,1,0,0,0,5,1,0,0,0.2,0.2,6,38,13,0,0.11,0.11,0,0.11,0,0.02,0.02,0,0.02,Burnley
Jay Rodriguez,eng ENG,FW,34,21,7,822,9.1,2,1,3,1,1,1,0,0,3.5,2.7,0.2,2.9,2,17,28,0.22,0.11,0.33,0.11,0.22,0.38,0.02,0.4,0.3,0.32,Burnley
Hannes Delcroix,be BEL,DF,24,12,5,589,6.5,0,0,0,0,0,0,2,0,0.4,0.4,0.2,0.6,2,18,6,0,0,0,0,0,0.05,0.03,0.09,0.05,0.09,Burnley
Aaron Ramsey,eng ENG,"MF,FW",20,14,5,527,5.9,0,0,0,0,0,0,1,0,0.3,0.3,0.4,0.7,8,8,17,0,0,0,0,0,0.06,0.07,0.13,0.06,0.13,Burnley
Hjalmar Ekdal,se SWE,DF,24,8,5,437,4.9,0,0,0,0,0,0,2,0,0.1,0.1,0.1,0.1,5,11,1,0,0,0,0,0,0.01,0.01,0.03,0.01,0.03,Burnley
Mike Trésor,be BEL,"FW,MF",24,16,3,420,4.7,0,0,0,0,0,0,0,0,0.5,0.5,0.4,0.9,15,10,31,0,0,0,0,0,0.1,0.08,0.18,0.1,0.18,Burnley
Anass Zaroury,ma MAR,"FW,MF",22,6,1,152,1.7,0,0,0,0,0,0,0,1,0.2,0.2,0,0.2,2,2,12,0,0,0,0,0,0.1,0.02,0.12,0.1,0.12,Burnley
Benson Manuel,ao ANG,"MF,FW",26,8,1,116,1.3,0,0,0,0,0,0,0,0,0.1,0.1,0,0.1,5,2,14,0,0,0,0,0,0.05,0.03,0.08,0.05,0.08,Burnley
Nathan Redmond,eng ENG,"FW,MF",29,12,0,142,1.6,0,0,0,0,0,0,1,0,0,0,0.3,0.3,7,8,22,0,0,0,0,0,0,0.19,0.19,0,0.19,Burnley
Jack Cork,eng ENG,MF,34,4,0,27,0.3,0,0,0,0,0,0,0,0,0,0,0,0,4,4,1,0,0,0,0,0,0,0,0,0,0,Burnley
Michael Obafemi,ie IRL,"FW,MF",23,2,0,20,0.2,0,0,0,0,0,0,0,0,0.1,0.1,0,0.1,0,0,3,0,0,0,0,0,0.4,0,0.4,0.4,0.4,Burnley
Han-Noah Massengo,fr FRA,"MF,DF",22,3,0,16,0.2,0,0,0,0,0,0,0,0,0,0,0,0,2,0,0,0,0,0,0,0,0,0,0,0,0,Burnley
Gustavo Hamer,nl NED,MF,26,36,34,2910,32.3,4,6,10,4,0,0,9,0,3,3,6.1,9.1,36,135,86,0.12,0.19,0.31,0.12,0.31,0.09,0.19,0.28,0.09,0.28,Sheffield United
Jayden Bogle,eng ENG,DF,23,34,32,2788,31,3,0,3,3,0,0,9,0,2.3,2.3,1,3.3,38,60,92,0.1,0,0.1,0.1,0.1,0.07,0.03,0.11,0.07,0.11,Sheffield United
Jack Robinson,eng ENG,DF,29,34,31,2885,32.1,1,1,2,1,0,0,10,0,1.2,1.2,1.2,2.4,8,63,14,0.03,0.03,0.06,0.03,0.06,0.04,0.04,0.08,0.04,0.08,Sheffield United
Vinicius Souza,br BRA,MF,24,36,29,2668,29.6,1,0,1,1,0,0,3,0,0.6,0.6,0.2,0.8,7,66,21,0.03,0,0.03,0.03,0.03,0.02,0.01,0.03,0.02,0.03,Sheffield United
Anel Ahmedhodžić,ba BIH,DF,24,31,29,2649,29.4,2,0,2,2,0,0,11,1,3.1,3.1,0.8,4,15,43,21,0.07,0,0.07,0.07,0.07,0.11,0.03,0.14,0.11,0.14,Sheffield United
Wes Foderingham,eng ENG,GK,32,30,29,2649,29.4,0,0,0,0,0,0,2,0,0,0,0.1,0.1,0,0,0,0,0,0,0,0,0,0,0,0,0,Sheffield United
Auston Trusty,us USA,DF,24,32,28,2572,28.6,0,0,0,0,0,0,4,0,0.4,0.4,1.1,1.5,10,40,15,0,0,0,0,0,0.01,0.04,0.05,0.01,0.05,Sheffield United
Cameron Archer,eng ENG,"FW,MF",22,29,21,1832,20.4,4,1,5,4,0,0,1,0,5.5,5.5,2.8,8.3,33,15,113,0.2,0.05,0.25,0.2,0.25,0.27,0.14,0.41,0.27,0.41,Sheffield United
James Mcatee,eng ENG,"MF,FW",20,30,20,1822,20.2,3,3,6,2,1,1,2,0,3.1,2.3,2.9,5.2,55,51,110,0.15,0.15,0.3,0.1,0.25,0.15,0.15,0.3,0.11,0.26,Sheffield United
Oliver Norwood,nir NIR,MF,32,27,16,1440,16,1,0,1,0,1,1,8,0,1.1,0.3,0.6,0.9,3,73,10,0.06,0,0.06,0,0,0.07,0.04,0.11,0.02,0.06,Sheffield United
Oliver McBurnie,sct SCO,FW,27,21,15,1280,14.2,6,3,9,4,2,2,7,2,6.9,5.3,2,7.3,6,30,60,0.42,0.21,0.63,0.28,0.49,0.48,0.14,0.62,0.37,0.51,Sheffield United
Ben Osborn,eng ENG,"DF,MF",28,24,14,1367,15.2,0,2,2,0,0,0,3,0,0.2,0.2,0.9,1.1,16,55,44,0,0.13,0.13,0,0.13,0.01,0.06,0.07,0.01,0.07,Sheffield United
Ben Brereton,cl CHI,"FW,MF",24,14,14,1105,12.3,6,1,7,5,1,1,3,0,6.1,5.3,1.5,6.7,23,37,78,0.49,0.08,0.57,0.41,0.49,0.49,0.12,0.61,0.43,0.55,Sheffield United
Andre Brooks,eng ENG,"MF,DF",19,20,12,938,10.4,0,0,0,0,0,0,1,0,0.4,0.4,0.1,0.5,12,18,22,0,0,0,0,0,0.04,0.01,0.05,0.04,0.05,Sheffield United
George Baldock,gr GRE,DF,30,13,11,969,10.8,0,1,1,0,0,0,4,0,0,0,0.8,0.8,9,31,24,0,0.09,0.09,0,0.09,0,0.07,0.08,0,0.08,Sheffield United
Oliver Arblaster,eng ENG,MF,19,12,11,943,10.5,0,0,0,0,0,0,2,0,0,0,0.7,0.8,13,43,4,0,0,0,0,0,0,0.07,0.07,0,0.07,Sheffield United
Luke Thomas,eng ENG,DF,22,12,11,917,10.2,0,0,0,0,0,0,3,0,0.5,0.5,0.1,0.6,8,33,22,0,0,0,0,0,0.05,0,0.06,0.05,0.06,Sheffield United
William Osula,dk DEN,FW,19,21,9,786,8.7,0,0,0,0,0,0,4,0,1.6,1.6,0.1,1.7,7,2,41,0,0,0,0,0,0.19,0.01,0.2,0.19,0.2,Sheffield United
Ivo Grbić,hr CRO,GK,27,9,9,771,8.6,0,0,0,0,0,0,1,0,0,0,0,0,0,0,0,0,0,0,0,0,0,0,0,0,0,Sheffield United
Mason Holgate,eng ENG,DF,26,10,9,710,7.9,0,0,0,0,0,0,3,1,0.6,0.6,0.4,1.1,0,13,0,0,0,0,0,0,0.08,0.05,0.13,0.08,0.13,Sheffield United
Yasser Larouci,dz ALG,DF,22,11,6,531,5.9,0,0,0,0,0,0,1,0,0.2,0.2,0.3,0.5,18,14,12,0,0,0,0,0,0.04,0.05,0.09,0.04,0.09,Sheffield United
John Egan,ie IRL,DF,30,6,6,482,5.4,0,0,0,0,0,0,2,0,0.2,0.2,0,0.2,0,5,1,0,0,0,0,0,0.03,0,0.03,0.03,0.03,Sheffield United
Max Lowe,eng ENG,"DF,MF",26,10,4,503,5.6,0,0,0,0,0,0,1,0,0.6,0.6,0.7,1.3,5,12,11,0,0,0,0,0,0.1,0.13,0.23,0.1,0.23,Sheffield United
Anis Ben Slimane,tn TUN,MF,22,15,4,419,4.7,0,0,0,0,0,0,2,0,0.8,0.8,0.3,1.1,3,12,21,0,0,0,0,0,0.17,0.06,0.23,0.17,0.23,Sheffield United
Bénie Adama Traore,ci CIV,"FW,MF",20,8,3,387,4.3,0,0,0,0,0,0,0,0,0.3,0.3,0.5,0.8,7,9,14,0,0,0,0,0,0.06,0.13,0.19,0.06,0.19,Sheffield United
Rhian Brewster,eng ENG,"FW,MF",23,13,3,346,3.8,0,0,0,0,0,0,0,1,0.4,0.4,0.1,0.5,1,3,21,0,0,0,0,0,0.09,0.03,0.12,0.09,0.12,Sheffield United
Chris Basham,eng ENG,"DF,MF",35,8,3,321,3.6,0,0,0,0,0,0,1,0,0.1,0.1,0.3,0.4,1,7,6,0,0,0,0,0,0.04,0.07,0.1,0.04,0.1,Sheffield United
Tom Davies,eng ENG,MF,25,9,2,221,2.5,0,0,0,0,0,0,2,0,0.4,0.4,0.1,0.4,3,8,3,0,0,0,0,0,0.14,0.03,0.17,0.14,0.17,Sheffield United
Rhys Norrington-Davies,wls WAL,DF,24,5,2,110,1.2,0,0,0,0,0,0,1,0,0,0,0,0,3,2,6,0,0,0,0,0,0,0.01,0.01,0,0.01,Sheffield United
John Fleck,sct SCO,"MF,DF",31,4,1,92,1,0,0,0,0,0,0,1,0,0,0,0.4,0.4,2,3,0,0,0,0,0,0,0,0.44,0.44,0,0.44,Sheffield United
Sam Curtis,ie IRL,DF,17,1,0,28,0.3,0,0,0,0,0,0,0,0,0,0,0,0,0,1,1,0,0,0,0,0,0,0,0,0,0,Sheffield United
Daniel Jebbison,eng ENG,FW,19,1,0,21,0.2,0,0,0,0,0,0,0,0,0,0,0,0,0,0,1,0,0,0,0,0,0,0,0,0,0,Sheffield United
Antwoine Hackford,eng ENG,FW,19,2,0,13,0.1,0,0,0,0,0,0,0,0,0,0,0,0,0,0,0,0,0,0,0,0,0,0,0,0,0,Sheffield United
Sydie Peck,eng ENG,MF,18,1,0,10,0.1,0,0,0,0,0,0,0,0,0,0,0,0,0,0,0,0,0,0,0,0,0,0,0,0,0,Sheffield United
Ryan One,sct SCO,FW,17,1,0,8,0.1,0,0,0,0,0,0,0,0,0,0,0,0,1,0,0,0,0,0,0,0,0,0,0,0,0,Sheffield United